pid,tpep_pickup_datetime,tpep_dropoff_datetime,passenger_count,trip_distance,PULocationID,DOLocationID,payment_type,fare_amount,tip_amount,total_amount
48009,1609612055,1609612538,5,1.55,East Chelsea,Clinton East,Credit Card,7.5,2.7,13.5
59266,1609669988,1609670797,1,3.48,Sunnyside,Midtown North,Cash,14.0,0.0,17.3
230773,1610026688,1610027049,1,0.5,Lenox Hill East,Lenox Hill West,Cash,5.5,0.0,8.8
1226437,1612025135,1612025762,1,2.0,Upper West Side North,Yorkville West,Credit Card,9.0,2.65,15.95
873737,1611328569,1611328756,1,0.6,Times Sq/Theatre District,Midtown North,Cash,4.0,0.0,7.3
798433,1611215069,1611216662,1,4.4,Yorkville East,Gramercy,Credit Card,21.0,4.86,29.16
221413,1610020422,1610020904,1,1.6,Battery Park City,West Village,Credit Card,7.0,2.0,12.3
312027,1610195543,1610196862,1,4.67,Upper West Side North,Murray Hill,Credit Card,18.0,4.26,25.56
1002522,1611600538,1611601349,1,2.21,Upper West Side South,Midtown Center,Credit Card,10.5,2.96,17.76
414495,1610435287,1610437515,1,8.26,Murray Hill,Stuyvesant Heights,Cash,30.5,0.0,33.8
664450,1610910515,1610911012,1,2.83,Gramercy,Lenox Hill East,Cash,10.0,0.0,13.3
1076733,1611757993,1611758363,1,0.7,Lenox Hill West,Upper East Side North,Credit Card,5.5,1.75,10.55
1067061,1611748652,1611748801,1,0.51,Upper West Side North,Upper West Side South,Cash,4.0,0.0,7.3
946425,1611496590,1611497144,1,1.46,Upper East Side North,Upper West Side South,Credit Card,8.5,2.36,14.16
1253594,1612099109,1612099452,2,1.1,Little Italy/NoLiTa,Union Sq,Credit Card,6.0,1.7,11.0
722539,1611062922,1611062980,1,0.11,Murray Hill,Murray Hill,Credit Card,2.5,0.87,6.67
838812,1611258136,1611258509,2,0.85,Midtown North,Midtown East,Credit Card,6.0,1.7,12.0
1246653,1612090292,1612090530,1,0.47,Upper West Side North,Upper West Side South,Credit Card,4.5,2.34,10.14
760622,1611140341,1611140983,2,3.41,East Harlem North,Lenox Hill West,Cash,12.0,0.0,15.3
25845,1609580946,1609581317,1,1.55,Lincoln Square West,Midtown North,Credit Card,7.0,2.06,12.36
550978,1610657665,1610658329,1,2.9,Midtown East,West Village,Cash,11.0,0.0,14.8
324318,1610209973,1610210234,2,0.7,Lincoln Square East,Lincoln Square East,Credit Card,5.0,2.05,10.35
702171,1611008763,1611010928,1,14.64,LaGuardia Airport,Meatpacking/West Village West,Credit Card,43.0,9.36,56.16
760787,1611140291,1611140655,1,1.06,Upper East Side North,Upper West Side South,Cash,6.5,0.0,9.8
1118060,1611832246,1611832595,1,0.98,Upper East Side South,Midtown East,Credit Card,6.0,2.32,11.62
1262006,1612111151,1612112505,5,7.08,Greenwich Village South,Upper West Side North,Credit Card,23.5,5.36,32.16
523056,1610627414,1610628012,1,1.8,Midtown East,Yorkville East,Credit Card,8.5,2.35,14.15
1188788,1611938517,1611939422,6,2.84,Central Park,Clinton East,Cash,12.5,0.0,16.8
571685,1610717088,1610717333,1,0.6,Upper East Side South,Midtown East,Credit Card,5.0,1.25,9.55
957709,1611511160,1611511853,1,2.55,Upper West Side South,Sutton Place/Turtle Bay North,Credit Card,11.0,2.14,16.44
837272,1611251986,1611252806,3,2.16,Midtown Center,Upper East Side North,Credit Card,11.0,3.06,18.36
524857,1610629362,1610629519,1,0.92,Murray Hill,Sutton Place/Turtle Bay North,Credit Card,4.5,1.0,8.8
5,1609460189,1609460670,1,1.6,Stuy Town/Peter Cooper Village,East Chelsea,Credit Card,8.0,2.35,14.15
212885,1610003425,1610003939,1,2.5,Garment District,Lenox Hill West,Credit Card,9.5,2.0,14.8
1074976,1611754698,1611755293,1,1.52,Upper East Side South,Yorkville West,Credit Card,8.5,2.36,14.16
1014150,1611649770,1611650199,1,0.7,Central Harlem,Manhattanville,Cash,6.5,0.0,7.3
871259,1611326399,1611327165,1,2.5,Flatiron,Clinton East,Credit Card,11.0,3.55,17.85
215689,1610011668,1610012956,2,3.1,Penn Station/Madison Sq West,Upper East Side North,Cash,15.5,0.0,18.8
1066829,1611748141,1611748878,1,1.2,Lenox Hill East,Upper East Side North,Cash,9.0,0.0,12.3
753287,1611126431,1611127292,1,3.41,West Village,UN/Turtle Bay South,Credit Card,13.0,1.0,17.3
1102475,1611804027,1611804172,2,0.5,Clinton West,West Chelsea/Hudson Yards,Credit Card,4.0,0.0,7.8
642763,1610879168,1610880127,1,3.75,Upper West Side South,Hamilton Heights,Credit Card,14.5,3.56,21.36
427396,1610455848,1610456346,1,1.08,Yorkville East,Lenox Hill East,Cash,7.5,0.0,10.8
689732,1610984827,1610985174,1,0.8,Murray Hill,Murray Hill,Credit Card,5.5,1.32,10.12
14564,1609520134,1609520576,1,1.7,Upper East Side North,Upper East Side South,Cash,8.0,0.0,11.3
285685,1610122347,1610124177,5,8.89,SoHo,Yorkville West,Credit Card,29.0,6.66,39.96
1184253,1611934087,1611934648,1,1.69,UN/Turtle Bay South,Penn Station/Madison Sq West,Cash,8.0,0.0,11.3
757711,1611134782,1611135024,1,0.77,Lenox Hill West,Yorkville East,Credit Card,5.0,0.0,8.3
236828,1610034166,1610035196,1,3.37,Garment District,Kips Bay,Cash,12.0,0.0,15.3
560593,1610703549,1610703941,1,1.1,Greenwich Village North,TriBeCa/Civic Center,Credit Card,6.0,1.49,10.79
984247,1611581199,1611581472,1,0.68,Upper East Side South,Sutton Place/Turtle Bay North,Credit Card,5.0,1.5,9.8
1068100,1611747159,1611747952,1,1.88,Upper East Side South,Upper West Side South,Cash,10.5,0.0,13.8
162919,1609887200,1609887396,1,1.1,Upper East Side South,Murray Hill,Cash,5.0,0.0,8.8
85268,1609750522,1609751160,3,1.63,Yorkville West,Lenox Hill East,Credit Card,8.5,1.7,13.5
1091644,1611771007,1611771502,1,1.77,West Village,Kips Bay,Cash,8.0,0.0,12.3
1114069,1611830457,1611831199,1,1.65,East Harlem South,Yorkville East,Cash,9.0,0.0,12.3
1090071,1611768115,1611769202,1,2.7,Midtown South,Yorkville West,Credit Card,13.5,3.55,21.35
423454,1610451056,1610452143,1,3.59,Upper West Side North,Washington Heights South,Cash,15.0,0.0,18.3
1135609,1611849606,1611850684,1,3.44,Flatiron,Lenox Hill West,Credit Card,14.5,3.76,22.56
995801,1611593496,1611594156,1,2.15,Lenox Hill East,East Harlem North,Cash,9.0,0.0,13.3
673894,1610964270,1610965394,0,2.9,Hamilton Heights,Mott Haven/Port Morris,Credit Card,14.0,1.0,15.8
1058147,1611734907,1611735599,1,2.2,Union Sq,TriBeCa/Civic Center,Credit Card,10.0,2.66,15.96
557129,1610698844,1610699155,1,0.7,Gramercy,Union Sq,Credit Card,5.0,1.66,9.96
399396,1610387191,1610387490,2,0.51,Midtown Center,Sutton Place/Turtle Bay North,Credit Card,5.0,0.93,10.23
204757,1609962563,1609963134,1,3.21,Clinton East,Manhattan Valley,Credit Card,12.0,3.0,19.3
1197939,1611948803,1611950127,1,5.1,Manhattan Valley,Midtown South,Credit Card,19.5,2.5,26.3
617787,1610808046,1610808895,1,3.04,Hudson Sq,Clinton East,Credit Card,13.0,3.26,19.56
515318,1610621363,1610621949,1,1.2,Garment District,Midtown Center,Credit Card,8.0,2.82,14.12
143667,1609858293,1609859715,1,12.34,JFK Airport,Jackson Heights,Cash,34.0,0.0,34.8
534076,1610637082,1610637243,1,0.51,Upper West Side South,Upper West Side South,Credit Card,4.0,1.82,9.12
203837,1609960735,1609961401,2,2.3,Lenox Hill East,Times Sq/Theatre District,Credit Card,10.0,1.7,16.0
196133,1609949651,1609950033,1,1.09,Murray Hill,East Chelsea,Credit Card,6.5,2.7,13.5
421138,1610447934,1610448156,1,1.0,Yorkville West,East Harlem North,Cash,5.0,0.0,5.8
7189,1609500048,1609500550,1,1.49,Clinton East,West Chelsea/Hudson Yards,Credit Card,8.0,2.26,13.56
693832,1610990307,1610990803,3,2.3,Lincoln Square East,Upper East Side North,Credit Card,8.5,5.0,16.8
1220085,1612018173,1612019395,2,2.85,Lenox Hill West,Upper West Side North,Credit Card,15.5,1.2,20.0
563858,1610708102,1610708497,1,1.0,Upper East Side North,Lenox Hill West,Cash,6.0,0.0,9.3
364181,1610308169,1610308705,1,5.0,Upper West Side North,Washington Heights South,Credit Card,15.5,5.6,24.4
727318,1611065629,1611066402,1,1.38,Greenwich Village North,Little Italy/NoLiTa,Cash,9.5,0.0,12.8
115677,1609788591,1609788884,1,1.78,Jackson Heights,Astoria,Cash,7.0,0.0,8.8
159075,1609873925,1609874645,2,2.98,Lenox Hill East,Manhattan Valley,Credit Card,11.5,3.16,18.96
1120488,1611837696,1611838022,1,0.8,Upper West Side North,Upper West Side North,Credit Card,5.5,4.0,12.8
644509,1610883895,1610884478,1,3.16,Penn Station/Madison Sq West,Yorkville West,Credit Card,11.0,1.5,15.8
88598,1609754718,1609755853,1,4.0,Bloomingdale,Midtown East,Credit Card,16.0,2.7,22.0
1011026,1611646932,1611647098,1,0.5,Sutton Place/Turtle Bay North,UN/Turtle Bay South,Cash,4.0,0.0,7.3
309444,1610193409,1610194284,2,4.19,East Chelsea,Upper East Side North,Credit Card,14.5,3.56,21.36
964712,1611528924,1611529515,5,2.92,Lenox Hill East,Upper West Side North,Credit Card,10.5,2.86,17.16
850225,1611302726,1611302989,1,0.9,Lenox Hill West,Upper East Side South,Credit Card,5.5,1.76,10.56
529196,1610636237,1610636401,1,0.6,Central Harlem,Central Harlem,Credit Card,4.0,3.0,7.8
1129467,1611845511,1611846472,2,2.4,Manhattan Valley,Lenox Hill West,Credit Card,12.0,2.0,17.3
593838,1610740039,1610740358,2,0.8,East Village,Two Bridges/Seward Park,Cash,5.5,0.0,9.8
238585,1610037201,1610037803,1,1.2,West Chelsea/Hudson Yards,Union Sq,Credit Card,8.0,1.0,13.3
367355,1610319507,1610319733,1,1.0,Union Sq,Greenwich Village North,Credit Card,5.5,1.85,11.15
21790,1609537212,1609537724,1,1.79,Clinton East,Murray Hill,Cash,8.5,0.0,12.3
88421,1609757054,1609757454,1,1.3,Upper East Side North,Lenox Hill East,Credit Card,7.0,2.05,12.35
1179332,1611931161,1611931694,1,1.6,Lincoln Square East,Midtown East,Cash,8.0,0.0,11.3
946741,1611496547,1611497055,1,2.74,Lenox Hill East,Kips Bay,Credit Card,10.0,2.66,15.96
1006478,1611605602,1611606254,3,2.96,East Chelsea,Lincoln Square West,Credit Card,11.0,3.7,18.5
1151510,1611867965,1611868296,3,1.1,West Village,Penn Station/Madison Sq West,Credit Card,6.0,0.0,9.8
382889,1610369347,1610369969,1,1.7,Union Sq,Hudson Sq,Credit Card,8.5,3.5,15.3
605290,1610791146,1610791499,2,0.9,Upper West Side South,Manhattan Valley,Credit Card,6.5,1.47,11.27
673596,1610961826,1610962125,1,1.32,East Chelsea,Midtown Center,Credit Card,6.0,1.86,11.16
1062502,1611740635,1611742298,2,4.8,Clinton East,Lower East Side,Cash,21.0,0.0,24.3
438611,1610466016,1610466568,4,1.41,Murray Hill,Midtown East,Credit Card,8.0,2.26,13.56
712224,1611049517,1611050066,1,1.23,Greenwich Village North,Union Sq,Credit Card,7.5,1.62,12.42
865547,1611321535,1611322065,1,1.0,Upper East Side North,Upper East Side South,Credit Card,7.5,2.16,12.96
713833,1611052798,1611052953,1,0.49,Midtown Center,Midtown North,Cash,4.0,0.0,7.3
95620,1609763620,1609763740,1,0.2,Upper East Side South,Upper East Side South,Credit Card,3.5,1.35,8.15
532014,1610636443,1610636975,1,1.2,Midtown North,Sutton Place/Turtle Bay North,Credit Card,7.5,2.7,13.5
321702,1610205385,1610205710,1,0.98,West Chelsea/Hudson Yards,East Chelsea,Cash,6.0,0.0,9.3
1025514,1611664971,1611665324,2,0.58,Upper East Side North,Upper East Side South,Credit Card,5.5,1.76,10.56
762649,1611142843,1611144042,1,4.2,Lenox Hill East,Manhattanville,Credit Card,16.5,4.95,24.75
40715,1609606087,1609606372,3,1.4,LaGuardia Airport,Steinway,Cash,6.0,0.0,6.8
1003401,1611599888,1611600626,1,2.49,Greenwich Village North,Garment District,Cash,10.5,0.0,14.8
1005996,1611607268,1611607752,1,1.93,Union Sq,Times Sq/Theatre District,Cash,8.5,0.0,12.3
1105378,1611818877,1611819332,1,1.48,Clinton West,Midtown Center,Credit Card,7.0,2.06,12.36
796835,1611198165,1611198527,1,0.97,Kips Bay,Union Sq,Credit Card,6.0,1.96,11.76
651716,1610895311,1610895615,2,1.0,West Village,Flatiron,Credit Card,5.5,2.6,11.4
1190691,1611940220,1611941854,5,9.86,Central Harlem,East Williamsburg,Cash,30.5,0.0,38.42
35268,1609598166,1609598400,1,1.05,Lenox Hill East,Upper East Side North,Cash,5.5,0.0,8.8
84339,1609748690,1609748804,2,0.7,East Harlem North,Yorkville West,Credit Card,4.0,1.0,5.8
958882,1611509877,1611510072,1,0.59,Upper East Side South,Lenox Hill West,Cash,4.5,0.0,7.8
902292,1611397339,1611399411,1,18.76,JFK Airport,Clinton East,Credit Card,52.0,15.35,76.77
691285,1610985597,1610986687,2,5.48,Lower East Side,Lenox Hill East,Credit Card,19.5,4.56,27.36
583687,1610728974,1610729792,1,2.4,Midtown Center,Upper West Side North,Credit Card,11.5,4.7,20.5
1245696,1612086121,1612086382,1,0.78,Kips Bay,Murray Hill,Cash,5.5,0.0,8.8
1151988,1611869789,1611870294,1,2.1,Union Sq,SoHo,Credit Card,8.5,2.45,14.75
195524,1609951214,1609951858,2,1.32,Gramercy,Murray Hill,Credit Card,8.5,1.0,13.8
916725,1611416309,1611417153,3,2.2,Lincoln Square East,Lenox Hill East,Credit Card,11.0,2.85,17.15
1249673,1612093022,1612093650,1,3.26,Midtown North,Hudson Sq,Credit Card,11.5,2.96,17.76
724736,1611061368,1611062664,1,2.69,Lenox Hill East,Garment District,Credit Card,14.5,3.56,21.36
1229099,1612025978,1612026475,1,1.05,Upper East Side North,Yorkville East,Cash,7.0,0.0,10.3
310316,1610192767,1610193304,1,2.08,Sutton Place/Turtle Bay North,Central Park,Credit Card,9.0,1.5,13.8
688285,1610984109,1610984733,1,1.81,Lenox Hill West,Times Sq/Theatre District,Credit Card,8.5,2.36,14.16
1271077,1612134550,1612136174,1,4.4,Manhattan Valley,East Concourse/Concourse Village,Cash,19.5,0.0,20.8
925182,1611424128,1611425126,1,3.44,Lenox Hill West,Greenwich Village North,Credit Card,13.5,3.36,20.16
52935,1609623687,1609624524,2,10.6,LaGuardia Airport,Lower East Side,Credit Card,29.5,5.0,38.3
11472,1609512560,1609512801,5,1.4,Meatpacking/West Village West,East Chelsea,Credit Card,6.0,1.86,11.16
492586,1610559453,1610559946,1,2.06,Lincoln Square West,Penn Station/Madison Sq West,Credit Card,8.0,2.46,14.76
1238602,1612038531,1612038798,1,0.86,TriBeCa/Civic Center,Battery Park City,Credit Card,5.5,1.4,10.7
789984,1611170554,1611170733,6,0.96,Midtown North,Central Park,Credit Card,5.0,2.0,11.3
760264,1611137762,1611138515,6,2.3,Sutton Place/Turtle Bay North,Penn Station/Madison Sq West,Cash,10.5,0.0,13.8
500789,1610569857,1610570617,1,4.28,Midtown East,Central Harlem,Credit Card,14.0,1.0,18.8
643561,1610879339,1610879737,1,1.6,Midtown Center,Lenox Hill West,Cash,7.0,0.0,10.3
538634,1610644118,1610644406,3,0.86,Upper East Side North,Upper East Side North,Credit Card,5.5,2.45,12.25
175916,1609931311,1609931847,2,1.27,Lenox Hill West,Upper East Side South,Cash,7.5,0.0,10.8
360989,1610298115,1610299180,3,3.21,Gramercy,Upper East Side North,Cash,14.5,0.0,17.8
112696,1609781318,1609781702,2,1.0,TriBeCa/Civic Center,World Trade Center,Credit Card,6.5,0.0,10.8
801421,1611217425,1611217621,1,0.5,Midtown Center,Midtown Center,Cash,4.0,0.0,7.3
580956,1610725812,1610726714,1,2.2,Clinton East,Lenox Hill West,Credit Card,11.5,2.0,16.8
941274,1611484802,1611486174,1,7.46,Upper East Side North,Seaport,Credit Card,25.0,4.0,32.3
489651,1610554710,1610555092,1,0.71,Upper East Side North,East Harlem South,Cash,6.0,0.0,10.3
1192971,1611943155,1611943389,1,0.8,East Harlem South,Manhattan Valley,Credit Card,5.0,1.02,7.82
780029,1611160964,1611161558,1,1.05,Central Harlem,East Harlem North,Credit Card,8.0,1.96,11.76
941500,1611482598,1611483388,1,3.2,UN/Turtle Bay South,Long Island City/Hunters Point,Credit Card,12.5,3.15,18.95
890739,1611347555,1611347796,1,0.9,East Chelsea,Flatiron,Credit Card,5.0,1.76,10.56
466942,1610523076,1610606385,2,1.59,Murray Hill,Midtown North,Cash,8.0,0.0,11.3
473163,1610539455,1610540468,1,3.68,West Chelsea/Hudson Yards,Upper East Side South,Credit Card,14.0,3.46,20.76
786075,1611163696,1611165070,1,5.39,Murray Hill,Astoria,Cash,19.5,0.0,23.8
1091560,1611772642,1611773532,2,2.88,Upper East Side North,Garment District,Credit Card,12.5,2.0,18.8
131148,1609843132,1609844813,1,4.5,SoHo,Upper East Side North,Credit Card,20.5,2.86,26.66
1075812,1611752427,1611753237,2,2.0,Gramercy,East Chelsea,Credit Card,10.5,3.45,17.25
588384,1610730323,1610731429,2,3.37,Midtown East,SoHo,Credit Card,14.5,3.76,22.56
507258,1610610280,1610610912,1,1.7,Upper West Side North,Central Park,Credit Card,9.0,1.84,14.14
1159935,1611907317,1611907821,1,1.36,Greenwich Village South,Lower East Side,Credit Card,8.0,3.0,14.3
737785,1611075676,1611079150,1,11.69,Upper West Side North,Williamsbridge/Olinville,Cash,42.0,0.0,43.8
1248319,1612090839,1612091163,1,1.23,Upper East Side North,Lenox Hill West,Credit Card,6.0,1.0,10.3
156788,1609870915,1609871716,1,2.74,Stuy Town/Peter Cooper Village,Midtown Center,Credit Card,11.5,3.16,18.96
1140000,1611855764,1611856529,1,2.8,Midtown North,Central Harlem,Cash,11.0,0.0,15.3
1068595,1611748711,1611750026,1,5.2,Astoria,East Harlem North,Cash,19.5,0.0,22.8
711915,1611048194,1611048350,1,0.7,East Harlem North,East Harlem South,Cash,4.0,0.0,4.8
514413,1610620909,1610621763,1,2.5,Upper West Side North,Midtown Center,Credit Card,12.0,1.0,16.3
152056,1609866240,1609866568,1,1.01,Upper West Side South,Upper East Side South,Credit Card,6.0,2.06,12.36
33201,1609592736,1609593808,1,7.68,Midtown East,Brooklyn Heights,Credit Card,23.5,8.04,34.84
72324,1609690364,1609690681,5,1.38,Upper East Side South,Upper East Side North,Credit Card,6.5,2.45,12.25
470740,1610536261,1610537151,5,2.68,Greenwich Village South,Sutton Place/Turtle Bay North,Credit Card,12.0,3.06,18.36
354639,1610291683,1610292164,2,1.3,Lenox Hill West,UN/Turtle Bay South,Cash,7.5,0.0,10.8
1203128,1611957230,1611957367,1,0.35,Upper East Side South,Upper East Side South,Credit Card,3.5,1.46,8.76
392199,1610374958,1610375777,1,2.13,Midtown Center,West Chelsea/Hudson Yards,Credit Card,10.5,2.76,16.56
1071471,1611749508,1611749740,1,1.08,Upper West Side North,Upper West Side South,Cash,5.5,0.0,8.8
182320,1609940712,1609941346,1,1.53,Central Park,Lenox Hill West,Credit Card,8.5,1.77,13.57
235418,1610031884,1610032815,1,2.1,Upper East Side North,Midtown North,Credit Card,11.5,1.0,15.8
270813,1610109833,1610110245,1,1.04,UN/Turtle Bay South,Gramercy,Credit Card,6.5,1.96,11.76
795895,1611184565,1611184950,2,2.48,Kips Bay,Two Bridges/Seward Park,Cash,9.0,0.0,12.8
1080917,1611763077,1611763876,1,1.8,Upper East Side North,Midtown East,Credit Card,10.5,2.75,16.55
802867,1611215641,1611216236,6,0.99,Lenox Hill West,Midtown North,Credit Card,7.5,1.75,12.55
1127816,1611843490,1611844481,1,2.3,Midtown Center,Upper East Side North,Credit Card,12.0,3.05,18.35
396683,1610383041,1610383749,1,1.93,Flatiron,SoHo,Cash,9.5,0.0,13.8
264827,1610103087,1610103326,3,0.6,Central Harlem,Manhattan Valley,No charge,-4.5,0.0,-5.3
187625,1609941833,1609942489,1,1.95,Flatiron,East Chelsea,Credit Card,9.5,3.2,16.0
479626,1610548858,1610549622,1,2.29,East Harlem South,Central Park,Credit Card,11.0,3.58,17.88
210175,1609997841,1609998087,1,0.61,Clinton East,Clinton East,Cash,4.5,0.0,8.3
668793,1610928370,1610928950,5,3.27,Upper East Side North,Penn Station/Madison Sq West,Credit Card,11.5,5.0,20.3
1161952,1611913736,1611914414,3,3.93,Yorkville West,Murray Hill,Credit Card,13.5,2.0,18.8
1270247,1612129361,1612130239,1,2.68,Upper East Side South,Stuy Town/Peter Cooper Village,Cash,12.0,0.0,15.8
919285,1611414365,1611414371,0,2.0,East Williamsburg,East Williamsburg,No charge,2.5,0.0,5.8
1086337,1611766746,1611766979,1,0.8,Times Sq/Theatre District,Clinton East,Credit Card,5.0,1.85,11.15
77863,1609705505,1609706211,1,2.8,Gramercy,Lenox Hill West,Cash,11.5,0.0,15.3
1078198,1611758609,1611759036,1,1.8,Battery Park City,Meatpacking/West Village West,Credit Card,8.0,2.25,13.55
999433,1611596798,1611598247,1,3.9,Penn Station/Madison Sq West,Yorkville East,Credit Card,18.0,4.45,26.75
456734,1610493853,1610494382,1,3.0,Yorkville West,Mott Haven/Port Morris,Cash,11.5,0.0,15.3
145081,1609856223,1609857086,4,1.43,Central Harlem,NV,Cash,8.5,0.0,9.3
1033156,1611671491,1611671854,5,0.69,Lenox Hill West,Upper East Side South,Cash,5.5,0.0,8.8
203252,1609956841,1609958659,1,8.96,Midtown South,Washington Heights North,Cash,29.0,0.0,33.3
235361,1610034549,1610036834,1,18.4,JFK Airport,Flatiron,Cash,52.0,0.0,61.42
369969,1610349393,1610349860,1,1.26,Yorkville West,East Harlem South,Credit Card,7.0,0.0,10.3
957454,1611509224,1611509641,1,2.74,Downtown Brooklyn/MetroTech,Williamsburg (South Side),Cash,10.0,0.0,10.8
270046,1610109628,1610109966,1,0.84,Washington Heights South,Washington Heights South,Cash,5.5,0.0,6.3
156853,1609870099,1609870350,1,0.6,Kips Bay,Midtown South,Credit Card,4.5,2.0,10.8
161881,1609882236,1609883345,1,7.93,LaGuardia Airport,Greenpoint,Credit Card,23.5,7.44,32.24
82656,1609745562,1609746152,1,2.9,Lower East Side,Garment District,Cash,10.5,0.0,13.8
203741,1609960168,1609960543,1,1.3,Upper East Side North,Upper East Side South,Credit Card,7.0,2.26,13.56
352640,1610289955,1610290353,1,0.84,Garment District,West Chelsea/Hudson Yards,Cash,6.0,0.0,6.8
324416,1610208297,1610208631,1,1.54,Union Sq,Midtown North,Credit Card,7.0,1.0,11.3
65134,1609685734,1609685954,1,0.7,Yorkville West,Upper East Side South,Credit Card,5.0,2.45,10.75
136624,1609847906,1609848375,5,1.28,East Village,Kips Bay,Cash,7.0,0.0,10.3
682969,1610977942,1610978538,1,1.28,Gramercy,Greenwich Village North,Cash,8.0,0.0,11.3
997261,1611595361,1611595578,1,1.0,Sutton Place/Turtle Bay North,Murray Hill,Cash,5.0,0.0,9.3
744887,1611084311,1611084532,1,0.9,SoHo,TriBeCa/Civic Center,Credit Card,5.0,1.85,11.15
1186561,1611937901,1611938416,1,1.46,Lenox Hill East,Yorkville West,Credit Card,7.5,2.36,14.16
520634,1610627445,1610628865,1,0.0,Upper East Side North,Hamilton Heights,Credit Card,20.2,0.0,21.0
673647,1610967444,1610967543,1,0.64,Sutton Place/Turtle Bay North,Lenox Hill East,Credit Card,4.0,1.46,8.76
424140,1610451105,1610452241,2,3.31,Manhattan Valley,Midtown Center,Cash,15.0,0.0,18.3
708056,1611042911,1611043224,3,0.88,East Chelsea,West Village,Credit Card,5.5,2.64,11.44
991375,1611587447,1611588610,1,2.8,Midtown Center,Central Park,Credit Card,14.0,3.45,20.75
660641,1610906166,1610906405,1,1.01,Gramercy,Greenwich Village North,Credit Card,5.5,1.0,9.8
1036979,1611674791,1611675451,1,1.64,Lenox Hill West,Upper East Side North,Credit Card,8.5,1.77,13.57
1143902,1611859112,1611859713,0,2.5,Flatiron,Clinton West,Credit Card,10.0,2.85,17.15
354807,1610293607,1610294071,1,1.82,Midtown North,East Chelsea,Credit Card,8.0,2.26,13.56
5903,1609497229,1609499880,1,19.73,JFK Airport,Clinton East,Cash,52.0,0.0,55.3
975178,1611569443,1611569800,1,0.5,Upper East Side South,Midtown East,Cash,6.5,0.0,9.8
401045,1610385688,1610386084,6,1.08,East Village,Little Italy/NoLiTa,Credit Card,6.5,2.16,12.96
577261,1610721652,1610721879,1,0.29,Yorkville East,Yorkville East,Credit Card,4.5,1.56,9.36
606808,1610792335,1610792833,6,1.19,UN/Turtle Bay South,Clinton East,Cash,7.5,0.0,10.8
696670,1610993231,1610993608,1,1.26,Midtown Center,Union Sq,Credit Card,6.5,2.16,12.96
1015588,1611653421,1611654594,1,3.59,Upper West Side South,Murray Hill,Credit Card,15.5,3.76,22.56
1197633,1611948723,1611949345,1,3.2,West Chelsea/Hudson Yards,Upper West Side North,Credit Card,11.0,3.05,18.35
264931,1610102568,1610102841,1,1.0,Midtown East,Upper East Side North,Credit Card,5.5,2.2,11.0
700209,1611002654,1611004557,2,6.15,Midtown East,TriBeCa/Civic Center,Cash,24.0,0.0,27.8
557829,1610700960,1610701422,1,1.72,Lenox Hill West,Midtown South,Cash,8.0,0.0,11.3
1098729,1611779251,1611779698,1,1.72,Midtown East,Union Sq,Credit Card,8.0,1.77,13.57
1223757,1612018962,1612019436,1,1.67,Lincoln Square West,Upper West Side North,Credit Card,8.0,1.7,13.0
1211627,1612001956,1612002319,0,1.5,Central Park,Upper East Side South,Credit Card,7.0,1.7,12.0
504809,1610595442,1610596024,1,2.33,Lenox Hill West,Clinton West,Credit Card,10.0,2.0,15.8
592141,1610736625,1610737444,1,1.29,Garment District,West Chelsea/Hudson Yards,Credit Card,10.0,0.72,15.02
1161844,1611914241,1611915006,2,1.0,Midtown South,Kips Bay,Cash,9.0,0.0,12.3
504833,1610599959,1610600593,4,2.71,Gramercy,Midtown North,Credit Card,10.5,2.0,16.3
638492,1610840237,1610840350,1,0.36,Woodside,Sunnyside,Cash,3.5,0.0,4.8
1041814,1611682510,1611683527,1,3.7,Greenwich Village North,Upper East Side North,Credit Card,15.0,3.85,23.15
315625,1610199824,1610200758,1,3.12,Sutton Place/Turtle Bay North,Greenwich Village North,Credit Card,13.0,3.26,19.56
91752,1609758521,1609758969,6,0.99,Midtown East,Midtown Center,Credit Card,7.0,1.0,11.3
1102286,1611796123,1611796362,1,1.48,Flatiron,Times Sq/Theatre District,Credit Card,6.0,2.45,12.25
79532,1609715586,1609718231,1,0.0,Springfield Gardens North,Mott Haven/Port Morris,Credit Card,40.2,0.0,47.12
442268,1610470663,1610470983,2,1.4,Manhattan Valley,Upper West Side South,Credit Card,6.5,2.15,12.95
446432,1610471161,1610471285,1,0.57,East Harlem South,Upper East Side North,Credit Card,4.0,1.0,9.3
822380,1611238695,1611239098,1,1.1,Hudson Sq,Greenwich Village North,Credit Card,6.5,2.45,12.25
42675,1609605116,1609605611,1,1.42,Times Sq/Theatre District,Lincoln Square West,Credit Card,7.5,2.16,12.96
208005,1609969878,1609970605,2,3.61,East Village,Midtown North,Credit Card,12.5,3.26,19.56
637579,1610836575,1610837087,2,1.96,Lenox Hill West,Upper West Side South,Credit Card,9.0,3.84,16.64
116717,1609787323,1609787754,1,2.0,Sutton Place/Turtle Bay North,Stuy Town/Peter Cooper Village,Credit Card,8.0,2.2,14.5
1142535,1611858659,1611859618,1,2.5,Upper East Side North,Lincoln Square West,No charge,12.5,0.0,16.8
580065,1610724562,1610725116,1,1.74,Upper East Side North,Central Park,Credit Card,9.0,1.5,13.8
353107,1610290771,1610291025,1,1.3,West Village,SoHo,Credit Card,6.0,2.3,11.6
383800,1610369020,1610370050,1,5.87,NV,NV,Credit Card,19.5,10.0,32.8
626536,1610819534,1610822062,1,17.12,Lenox Hill West,Saint Albans,Credit Card,50.5,10.76,64.56
379367,1610362646,1610363035,1,0.86,Upper East Side South,Midtown Center,Credit Card,6.0,1.86,11.16
1137826,1611857573,1611858497,1,2.51,Lenox Hill West,Upper West Side North,Credit Card,12.0,3.26,19.56
269784,1610103794,1610104573,1,3.25,Yorkville East,Mott Haven/Port Morris,Cash,12.5,0.0,15.8
123776,1609832986,1609833389,1,1.2,Penn Station/Madison Sq West,Kips Bay,Credit Card,7.0,1.0,11.3
770437,1611148243,1611148718,1,1.1,Central Harlem,Manhattan Valley,Credit Card,7.0,1.2,9.0
723212,1611062464,1611063073,3,1.15,Little Italy/NoLiTa,TriBeCa/Civic Center,Credit Card,8.0,2.26,13.56
99461,1609765948,1609766743,1,1.9,Lenox Hill West,Midtown Center,Credit Card,10.5,2.75,16.55
1166215,1611914753,1611916959,1,26.85,Auburndale,Madison,Credit Card,71.5,0.0,72.3
145820,1609861439,1609861979,1,1.6,Flatiron,Murray Hill,Cash,8.5,0.0,11.8
1319,1609462652,1609463322,1,2.11,Manhattan Valley,East Harlem South,Cash,10.0,0.0,11.3
967209,1611561263,1611561832,1,1.84,Flatiron,Midtown Center,Credit Card,8.5,1.0,12.8
1173635,1611923576,1611924257,1,2.16,Upper East Side North,Midtown Center,Credit Card,10.5,2.76,16.56
318392,1610203002,1610203919,1,0.0,Richmond Hill,Baisley Park,Credit Card,19.78,0.0,20.58
9831,1609507715,1609507790,1,0.4,Upper East Side North,Upper East Side North,Credit Card,3.5,1.0,7.8
178382,1609932088,1609933352,1,4.5,Lincoln Square West,SoHo,Credit Card,16.5,3.95,23.75
51931,1609619868,1609620730,1,1.2,East Chelsea,West Village,Cash,6.5,0.0,10.3
311758,1610196058,1610197068,1,2.59,Sutton Place/Turtle Bay North,Lincoln Square West,Credit Card,13.0,1.5,17.8
22502,1609538574,1609538870,1,0.99,Clinton East,Lincoln Square East,Credit Card,5.0,1.76,10.56
245035,1610038947,1610039286,1,0.68,Penn Station/Madison Sq West,Union Sq,Credit Card,5.5,2.45,12.25
14708,1609518063,1609518536,1,1.93,Yorkville East,Upper West Side North,Credit Card,8.5,2.36,14.16
21449,1609537881,1609538737,1,2.0,Lenox Hill East,Lincoln Square East,Cash,11.0,0.0,14.8
1064114,1611741831,1611742731,1,2.2,Times Sq/Theatre District,Upper East Side North,Credit Card,11.5,4.4,19.2
197443,1609955073,1609955445,1,0.86,Midtown Center,Midtown East,Credit Card,6.0,2.06,12.36
1196251,1611944484,1611945906,1,4.8,TriBeCa/Civic Center,Lenox Hill West,Credit Card,19.0,4.65,27.95
1035429,1611676166,1611676359,1,0.59,Upper West Side South,Upper West Side South,No charge,-4.5,0.0,-7.8
54227,1609628234,1609628279,1,0.3,Yorkville West,East Harlem South,Credit Card,3.0,0.68,7.48
1063788,1611744985,1611745588,1,1.8,Upper East Side North,Lincoln Square East,Credit Card,9.0,1.0,13.3
1254143,1612099538,1612099622,1,0.4,Upper West Side South,Upper West Side North,Cash,3.5,0.0,6.8
1226134,1612021772,1612022154,1,0.9,Union Sq,Flatiron,Credit Card,6.0,1.85,11.15
229081,1610027795,1610028105,1,0.7,Bloomingdale,Upper West Side North,Cash,5.5,0.0,6.3
198600,1609954772,1609955621,2,2.52,Midtown Center,Upper West Side South,Credit Card,11.5,3.95,19.75
99497,1609765411,1609765885,1,1.4,Yorkville West,Upper East Side South,Cash,7.5,0.0,10.8
834203,1611248557,1611249218,1,1.47,Flatiron,UN/Turtle Bay South,Credit Card,9.0,3.99,17.29
622579,1610815517,1610816116,1,1.5,Greenwich Village North,Little Italy/NoLiTa,Cash,8.0,0.0,11.3
347618,1610280947,1610281472,1,2.02,Central Park,Lincoln Square East,Credit Card,9.0,2.46,14.76
563829,1610706647,1610706880,1,0.5,Upper East Side North,Upper East Side North,Credit Card,4.5,1.56,9.36
896497,1611360227,1611360528,1,1.32,Clinton West,East Chelsea,Cash,6.5,0.0,10.3
876387,1611333243,1611333762,2,1.1,Morningside Heights,Upper West Side North,Credit Card,7.5,0.1,11.9
363993,1610305742,1610306221,1,1.3,East Village,Greenwich Village South,Credit Card,7.5,1.0,11.8
950853,1611499438,1611499896,2,1.7,Garment District,Midtown North,Cash,8.0,0.0,11.3
56338,1609650016,1609650688,3,4.3,East Chelsea,Morningside Heights,Credit Card,13.5,3.46,20.76
351243,1610284714,1610285954,1,9.65,LaGuardia Airport,Flatiron,Credit Card,28.0,5.0,42.42
830214,1611248230,1611249323,1,3.4,Garment District,TriBeCa/Civic Center,Credit Card,14.5,1.0,19.8
826775,1611244408,1611244716,1,0.9,East Harlem South,Central Harlem,Credit Card,5.5,3.0,9.3
67191,1609684633,1609684892,1,0.6,Yorkville West,East Harlem South,Credit Card,5.0,0.83,9.13
491259,1610558943,1610559491,1,1.5,Times Sq/Theatre District,Lenox Hill West,Credit Card,8.0,2.45,14.75
111340,1609782490,1609783053,2,1.6,Midtown North,Murray Hill,Credit Card,8.0,3.65,15.95
819800,1611239507,1611239880,1,1.11,Washington Heights South,Washington Heights North,Credit Card,6.5,1.46,8.76
430161,1610459750,1610460675,1,2.6,Flatiron,Lenox Hill West,Credit Card,12.0,3.8,19.1
518408,1610624051,1610624891,1,2.55,Murray Hill,Yorkville West,Credit Card,11.5,2.22,17.02
136781,1609851572,1609851751,1,0.31,East Chelsea,East Chelsea,Cash,4.0,0.0,7.3
655582,1610896424,1610897498,0,4.6,Upper West Side North,Washington Heights South,Credit Card,18.0,0.0,21.3
816550,1611237212,1611237258,2,15.23,Baisley Park,Long Island City/Queens Plaza,Credit Card,58.0,8.74,67.04
262788,1610097248,1610099634,1,6.2,Lenox Hill East,Lenox Hill East,Credit Card,27.0,6.05,36.35
954196,1611507298,1611507793,6,1.54,Manhattan Valley,Upper West Side South,Credit Card,7.5,2.0,12.8
1175214,1611928444,1611930717,2,8.23,Central Park,Maspeth,Cash,31.0,0.0,34.3
350079,1610286786,1610286980,2,0.61,East Harlem South,East Harlem South,Cash,4.5,0.0,5.3
1167384,1611916589,1611916973,1,1.75,Flatiron,TriBeCa/Civic Center,Credit Card,7.0,2.06,12.36
931769,1611435194,1611435437,6,0.9,Lincoln Square East,Lincoln Square West,Credit Card,5.0,2.0,10.8
789865,1611170878,1611171216,4,0.34,Boerum Hill,Downtown Brooklyn/MetroTech,Cash,4.0,0.0,5.8
329525,1610213959,1610214193,1,0.49,East Harlem North,East Harlem North,Credit Card,4.5,1.06,6.36
1092700,1611771065,1611771580,1,1.95,SoHo,Flatiron,Credit Card,8.5,2.56,15.36
431334,1610459404,1610459575,1,0.63,Murray Hill,Midtown East,Credit Card,4.0,1.46,8.76
1055350,1611732409,1611732894,1,1.9,Kips Bay,Lenox Hill East,Credit Card,8.5,1.0,12.8
1126748,1611843103,1611843603,1,1.4,Gramercy,Sutton Place/Turtle Bay North,Cash,7.5,0.0,10.8
300160,1610139958,1610140364,2,1.85,Clinton East,East Chelsea,Credit Card,7.5,2.26,13.56
422006,1610448255,1610448576,1,1.01,Upper West Side North,Upper East Side North,Cash,6.0,0.0,9.3
999775,1611596156,1611596603,1,1.4,Lenox Hill West,UN/Turtle Bay South,Credit Card,7.5,2.35,14.15
755124,1611132516,1611132828,1,0.95,Union Sq,Midtown South,Credit Card,5.5,1.1,9.9
901389,1611394324,1611394793,1,1.73,Hamilton Heights,Bloomingdale,Credit Card,8.0,1.76,10.56
184537,1609939205,1609939859,0,2.1,Gramercy,Upper East Side South,Cash,10.0,0.0,13.3
617777,1610806806,1610807174,1,1.09,Union Sq,Greenwich Village South,Credit Card,6.0,1.86,11.16
891540,1611347310,1611347796,5,2.15,UN/Turtle Bay South,East Village,Credit Card,8.5,2.0,14.3
678719,1610971970,1610973616,1,12.47,LaGuardia Airport,Springfield Gardens South,Credit Card,37.0,9.45,47.25
74484,1609698883,1609699218,1,1.0,West Chelsea/Hudson Yards,Midtown South,Cash,6.0,0.0,9.3
896279,1611357137,1611357844,1,2.7,Upper East Side North,Lincoln Square West,Cash,11.0,0.0,14.8
1078140,1611756748,1611757483,1,1.54,Upper East Side North,East Harlem South,Credit Card,10.0,5.0,18.3
773259,1611153310,1611153433,1,0.7,Yorkville West,East Harlem South,Credit Card,4.0,2.15,9.45
1158908,1611909778,1611910450,4,1.91,Sutton Place/Turtle Bay North,Garment District,Cash,9.5,0.0,12.8
255035,1610059102,1610060040,3,3.23,West Concourse,East Harlem South,Cash,13.5,0.0,14.8
909750,1611408033,1611408765,1,1.79,Lenox Hill West,Midtown Center,Cash,10.0,0.0,13.3
1112770,1611831022,1611831574,1,1.6,Penn Station/Madison Sq West,Clinton West,Cash,8.0,0.0,11.3
1168581,1611920040,1611920156,1,0.51,UN/Turtle Bay South,Kips Bay,Credit Card,3.5,1.0,7.8
980052,1611573784,1611574517,1,2.7,Murray Hill,Upper East Side North,Credit Card,11.0,0.0,14.3
705972,1611040151,1611040421,1,0.8,Midtown East,Kips Bay,Credit Card,5.0,1.65,9.95
883933,1611338770,1611339101,1,1.0,Murray Hill,Stuy Town/Peter Cooper Village,Credit Card,5.5,0.5,10.3
56211,1609645273,1609646250,1,7.32,Times Sq/Theatre District,Washington Heights South,Cash,22.5,0.0,26.3
554132,1610689254,1610689999,2,3.71,Midtown Center,Manhattan Valley,Credit Card,13.5,3.46,20.76
89688,1609754771,1609755383,1,1.6,Midtown Center,Kips Bay,Cash,8.5,0.0,11.8
468813,1610532331,1610533522,1,3.2,Yorkville West,Midtown South,Credit Card,14.5,1.5,19.3
757548,1611135802,1611136670,1,2.86,Upper East Side North,Lincoln Square West,Credit Card,12.0,3.06,18.36
649824,1610889375,1610889638,2,0.97,Upper East Side South,Upper East Side North,Credit Card,5.5,1.76,10.56
147502,1609859086,1609861409,1,9.81,Hammels/Arverne,Hammels/Arverne,Credit Card,35.0,2.75,38.55
502201,1610575019,1610575220,1,0.75,Lenox Hill East,Yorkville East,Credit Card,5.0,1.0,9.8
865223,1611322226,1611323421,1,2.57,Greenwich Village South,Midtown South,Credit Card,14.5,3.56,21.36
37306,1609600822,1609602088,1,5.15,Yorkville West,East Village,Cash,19.0,0.0,22.3
661257,1610905592,1610906364,1,1.27,Murray Hill,Clinton East,Credit Card,52.0,12.28,73.7
116930,1609786976,1609788018,1,7.0,Financial District South,Yorkville West,Credit Card,22.0,5.25,31.55
81673,1609743113,1609745735,2,21.28,JFK Airport,East Harlem North,Credit Card,52.0,11.78,70.7
412069,1610433228,1610433606,1,2.3,Yorkville West,UN/Turtle Bay South,Cash,8.0,0.0,11.3
238358,1610033395,1610034150,2,2.73,Central Park,Yorkville East,Credit Card,11.5,1.3,16.1
1221860,1612018382,1612018807,1,1.06,Manhattan Valley,Morningside Heights,Credit Card,6.5,1.82,9.12
762157,1611136913,1611137715,3,2.24,Upper East Side South,Upper West Side South,Credit Card,11.0,2.86,17.16
251972,1610053136,1610055048,1,9.3,Fort Greene,Elmhurst,Cash,32.0,0.0,33.3
999549,1611594559,1611595632,1,3.58,NV,Upper East Side North,Credit Card,15.5,2.97,22.77
472096,1610538435,1610539045,1,1.41,East Chelsea,UN/Turtle Bay South,Cash,8.5,0.0,11.8
209900,1609983494,1609998780,1,3.6,Garment District,East Harlem South,Credit Card,13.0,1.0,17.8
263086,1610098563,1610099442,1,4.79,Upper West Side North,Washington Heights South,Credit Card,17.0,4.06,24.36
747545,1611087688,1611088267,1,0.0,UN/Turtle Bay South,Flatiron,Credit Card,9.2,0.0,10.0
8594,1609504416,1609506030,1,17.5,Midtown North,JFK Airport,Cash,52.0,0.0,61.42
334403,1610220191,1610221272,1,3.37,Greenwich Village North,Sutton Place/Turtle Bay North,Credit Card,13.5,4.2,21.0
607697,1610794055,1610794888,1,4.53,Upper West Side South,Flatiron,Credit Card,15.5,1.88,20.68
1217869,1612011867,1612012234,1,1.1,Clinton East,West Chelsea/Hudson Yards,Credit Card,6.0,1.0,10.3
1259203,1612105740,1612106073,2,1.1,Lenox Hill West,Upper East Side North,Credit Card,6.0,1.85,11.15
694896,1610989917,1610990374,1,1.71,Upper West Side South,Clinton East,Credit Card,8.0,2.26,13.56
688396,1610983046,1610983531,1,1.4,Yorkville West,Lenox Hill East,Cash,7.5,0.0,10.8
1217805,1612012077,1612012306,2,0.67,Financial District South,Battery Park City,Cash,4.5,0.0,7.8
1125219,1611839643,1611840311,1,1.9,Garment District,Greenwich Village North,Credit Card,9.5,3.8,16.6
141881,1609857540,1609857823,1,0.79,Yorkville East,Upper East Side North,Credit Card,5.5,1.76,10.56
418036,1610444731,1610446239,6,9.24,Park Slope,Upper East Side South,Credit Card,29.0,3.5,35.8
1226541,1612025786,1612026348,2,2.34,Upper West Side South,Clinton West,Cash,9.5,0.0,12.8
642562,1610880733,1610881521,2,3.82,Upper East Side South,SoHo,Credit Card,13.0,3.26,19.56
1219881,1612014700,1612014742,1,0.0,Queensbridge/Ravenswood,Queensbridge/Ravenswood,Credit Card,0.0,0.0,0.0
112442,1609780068,1609780230,1,0.38,Yorkville West,Yorkville West,Cash,4.0,0.0,8.3
312691,1610195719,1610196201,1,2.89,West Chelsea/Hudson Yards,Upper West Side North,Credit Card,10.0,1.7,15.0
1126336,1611842582,1611842850,1,0.5,Union Sq,Kips Bay,Credit Card,5.0,1.0,9.3
1233354,1612032054,1612032305,1,1.12,Upper West Side South,Manhattan Valley,Cash,5.5,0.0,8.8
856129,1611311694,1611312592,1,2.74,Penn Station/Madison Sq West,East Village,Credit Card,12.0,3.06,18.36
715802,1611055829,1611056529,1,1.6,Upper East Side South,Midtown Center,Credit Card,9.5,1.0,13.8
575708,1610722349,1610722915,0,1.5,Midtown Center,Upper East Side North,Credit Card,8.5,2.35,14.15
19110,1609524291,1609524440,2,0.2,Upper West Side South,Central Park,Credit Card,3.5,2.0,8.8
715669,1611050578,1611050872,1,1.02,Midtown East,Clinton East,Credit Card,5.5,2.2,11.0
85025,1609747389,1609748621,1,3.78,Manhattan Valley,Lenox Hill East,Credit Card,16.0,4.82,24.12
1015112,1611650839,1611651138,1,1.1,Garment District,Midtown North,Credit Card,6.0,2.75,12.05
437159,1610466717,1610467141,1,1.2,Upper West Side South,Upper East Side South,Credit Card,7.0,2.06,12.36
768492,1611146983,1611147517,1,1.75,Upper East Side South,Kips Bay,Cash,8.0,0.0,11.3
999301,1611594808,1611595076,1,0.7,Lincoln Square East,Clinton East,Credit Card,5.0,2.0,10.8
1198269,1611949333,1611949753,1,1.0,East Village,Greenwich Village South,Cash,6.5,0.0,10.8
1155539,1611903081,1611903899,2,4.79,Manhattan Valley,Washington Heights South,Credit Card,16.0,3.0,19.8
327284,1610214799,1610215100,0,0.8,Central Harlem,Central Harlem,Cash,5.5,0.0,6.3
357143,1610296678,1610296959,4,1.47,UN/Turtle Bay South,Lenox Hill West,Credit Card,6.0,1.86,11.16
1234384,1612029935,1612030315,1,1.48,Lower East Side,Gramercy,Credit Card,7.0,2.06,12.36
616718,1610808358,1610808819,1,1.64,Upper East Side North,Sutton Place/Turtle Bay North,Credit Card,8.0,1.13,12.43
1007643,1611608598,1611608803,1,0.59,West Village,Greenwich Village South,Credit Card,4.5,2.08,10.38
632999,1610825484,1610825961,1,1.01,Midtown East,UN/Turtle Bay South,Credit Card,7.0,2.06,12.36
695305,1610992422,1610992427,1,1.8,Greenwich Village North,Greenwich Village North,Credit Card,2.5,20.0,25.8
211416,1610006139,1610006570,1,1.08,Upper East Side South,Midtown North,Credit Card,6.5,2.94,12.74
476013,1610544240,1610545633,1,5.0,Union Sq,Upper West Side North,Credit Card,20.0,3.5,26.8
941889,1611489263,1611489434,1,0.6,Penn Station/Madison Sq West,Flatiron,Credit Card,4.0,2.15,9.45
203405,1609960964,1609961334,1,1.07,Upper West Side South,Upper East Side South,Credit Card,5.5,2.94,12.74
1252167,1612095339,1612095764,1,1.99,Sutton Place/Turtle Bay North,Central Park,Credit Card,8.0,1.7,13.0
161914,1609881574,1609883149,2,17.03,JFK Airport,Bushwick South,Cash,46.0,0.0,47.3
702684,1611012211,1611013116,1,5.71,Lenox Hill East,Central Harlem North,Cash,18.5,0.0,22.3
54617,1609629638,1609629928,2,1.9,Yorkville West,Lenox Hill East,Credit Card,7.0,2.15,12.95
586521,1610730974,1610732424,1,7.5,Morningside Heights,TriBeCa/Civic Center,Credit Card,25.0,5.27,34.57
510366,1610612897,1610613395,1,1.4,NV,Upper East Side North,Cash,8.0,0.0,11.3
15599,1609518408,1609518967,1,1.8,Upper West Side South,Yorkville East,Credit Card,9.0,2.46,14.76
703019,1611013046,1611013746,1,3.6,East Harlem South,UN/Turtle Bay South,Cash,12.0,0.0,15.8
60993,1609672308,1609672608,1,0.87,Lower East Side,Alphabet City,Credit Card,5.5,1.0,9.8
1103369,1611814131,1611814748,1,2.54,Garment District,Lenox Hill East,Credit Card,10.0,3.99,17.29
650651,1610889109,1610889636,1,1.98,Bloomingdale,Lincoln Square East,Credit Card,9.0,3.08,15.38
1061405,1611739418,1611740281,2,1.63,Lincoln Square East,Upper East Side South,Cash,9.0,0.0,12.3
344595,1610273967,1610274956,1,10.6,LaGuardia Airport,JFK Airport,Credit Card,47.5,9.55,57.35
236222,1610032324,1610033045,1,1.8,Murray Hill,Union Sq,Credit Card,10.0,1.5,14.8
593316,1610735907,1610736302,1,1.15,Lenox Hill West,Upper East Side North,Credit Card,6.5,1.62,12.42
211870,1610005477,1610005987,1,1.4,Yorkville West,Upper East Side South,Credit Card,7.5,2.16,12.96
554667,1610691588,1610691871,1,0.8,Penn Station/Madison Sq West,West Chelsea/Hudson Yards,Credit Card,5.0,2.49,10.79
49166,1609616713,1609618219,1,4.71,Lincoln Square East,Central Harlem North,Credit Card,21.0,3.0,27.3
556687,1610694481,1610694746,1,0.76,Midtown East,Kips Bay,Credit Card,5.0,1.66,9.96
1215556,1612010219,1612010597,1,1.79,Upper West Side North,Clinton East,Credit Card,7.5,2.16,12.96
1100567,1611784811,1611785031,1,0.9,Hudson Sq,West Village,Credit Card,5.0,1.0,9.8
586530,1610731124,1610731766,2,1.4,Upper East Side South,Lincoln Square West,Credit Card,8.5,3.2,16.0
1227478,1612024976,1612025512,1,4.11,Financial District North,Kips Bay,Credit Card,13.5,3.36,20.16
814373,1611230446,1611230776,1,2.34,Lenox Hill East,UN/Turtle Bay South,Credit Card,8.5,2.36,14.16
954357,1611505527,1611507120,1,14.08,JFK Airport,Sunnyside,Credit Card,39.5,8.06,48.36
918313,1611417393,1611418234,3,3.06,Union Sq,Lincoln Square East,Credit Card,12.5,3.16,18.96
1131664,1611847990,1611848541,2,1.48,Upper East Side North,Upper West Side South,Credit Card,8.0,5.0,16.3
225673,1610023460,1610023933,1,1.1,Midtown Center,Upper East Side South,Credit Card,6.5,2.94,12.74
709119,1611044669,1611045150,1,1.5,Upper East Side North,Upper East Side South,Cash,7.5,0.0,10.8
1082377,1611761935,1611762203,1,0.82,Upper West Side South,Lincoln Square West,Credit Card,5.0,1.0,9.3
387376,1610371564,1610371979,1,1.0,Murray Hill,Penn Station/Madison Sq West,Credit Card,6.5,1.0,10.8
553600,1610671462,1610672588,1,5.97,Kips Bay,Jackson Heights,Credit Card,19.5,1.0,24.3
180889,1609936824,1609937196,6,0.95,Yorkville East,Upper East Side North,Credit Card,6.0,1.86,11.16
30787,1609589898,1609590284,1,1.2,Upper West Side South,Upper East Side North,Credit Card,6.5,1.95,11.75
415518,1610439576,1610440259,1,1.96,Upper East Side North,Midtown Center,Credit Card,9.5,2.56,15.36
632054,1610823762,1610823921,2,0.42,Upper East Side South,Upper East Side South,Credit Card,4.0,1.24,8.54
140662,1609854048,1609854549,2,1.23,East Chelsea,Murray Hill,Cash,7.0,0.0,10.3
460884,1610527730,1610528279,1,2.06,Lenox Hill East,Central Park,Cash,8.5,0.0,11.8
1134706,1611850740,1611851992,1,3.0,Midtown North,Kips Bay,Credit Card,15.0,2.0,21.3
901255,1611392805,1611393168,6,0.68,Penn Station/Madison Sq West,Midtown South,Credit Card,5.5,0.0,8.8
1259028,1612108459,1612109775,1,16.2,JFK Airport,Schuylerville/Edgewater Park,Cash,44.0,0.0,50.92
1112976,1611829857,1611829919,1,0.3,Sutton Place/Turtle Bay North,Lenox Hill East,Cash,3.0,0.0,6.3
1039727,1611679616,1611680597,2,2.18,Lenox Hill East,Clinton East,Credit Card,12.0,2.0,18.3
588047,1610730962,1610731904,1,1.6,Manhattan Valley,Central Harlem,Cash,11.0,0.0,12.8
106795,1609776615,1609777426,1,3.2,Upper West Side North,Clinton West,Credit Card,13.0,2.0,19.3
566873,1610710177,1610710688,1,2.2,Long Island City/Queens Plaza,Upper East Side South,Credit Card,9.5,3.8,16.6
643460,1610877791,1610879649,1,17.27,LaGuardia Airport,Borough Park,Cash,48.5,0.0,49.3
341747,1610265108,1610265778,2,3.96,East Harlem North,Clinton East,Cash,13.0,0.0,16.3
375929,1610355721,1610356540,1,3.0,Yorkville West,Murray Hill,Cash,12.0,0.0,15.3
484765,1610552884,1610553493,1,1.81,Upper East Side South,Garment District,Cash,9.0,0.0,12.3
29474,1609591048,1609591597,1,1.37,Upper East Side North,Midtown North,Cash,8.0,0.0,11.3
349003,1610284575,1610285891,1,5.52,Upper East Side South,Meatpacking/West Village West,Credit Card,20.0,4.66,27.96
1158058,1611906969,1611907325,1,1.36,Midtown East,Penn Station/Madison Sq West,Credit Card,6.5,1.96,11.76
178732,1609935651,1609936244,1,1.43,Lenox Hill West,Murray Hill,Credit Card,8.5,3.54,15.34
164740,1609911113,1609911485,0,2.6,Gramercy,Lenox Hill East,Cash,9.0,0.0,12.8
718861,1611057930,1611058405,3,1.4,Central Park,Upper West Side South,Credit Card,7.5,2.16,12.96
853271,1611308884,1611309190,1,0.53,Upper East Side North,Lenox Hill West,Credit Card,5.0,1.66,9.96
1022218,1611659512,1611660410,1,2.82,Upper West Side North,Upper East Side South,Credit Card,12.5,4.74,20.54
860527,1611315085,1611315601,1,1.0,Penn Station/Madison Sq West,UN/Turtle Bay South,Cash,7.0,0.0,10.3
1005882,1611607917,1611608610,3,3.35,SoHo,Sutton Place/Turtle Bay North,Dispute,-12.5,0.0,-16.3
10590,1609509425,1609510298,1,2.61,Lincoln Square West,NV,Cash,12.0,0.0,15.3
460355,1610522121,1610522743,1,2.8,Kips Bay,Yorkville West,Credit Card,10.5,2.76,16.56
1265289,1612114832,1612115492,1,2.25,Midtown Center,Upper East Side North,Credit Card,10.0,2.66,15.96
1104466,1611819414,1611820351,1,3.36,Fort Greene,Greenwich Village North,Credit Card,14.0,5.19,22.49
1226842,1612022854,1612023771,1,2.64,Flatiron,Financial District North,Credit Card,12.0,0.0,15.3
1085965,1611765490,1611766488,5,3.4,Lincoln Square East,Greenwich Village North,Cash,13.5,0.0,17.8
323828,1610208902,1610210057,1,3.0,Midtown East,West Village,Credit Card,14.0,3.45,20.75
624456,1610814563,1610814800,1,0.66,Gramercy,Greenwich Village North,Cash,4.5,0.0,7.8
685796,1610979026,1610979422,1,1.2,Greenwich Village North,SoHo,Cash,6.5,0.0,9.8
222191,1610017658,1610018022,1,0.9,Murray Hill,East Chelsea,Cash,6.0,0.0,9.3
611976,1610798491,1610798819,1,1.24,Central Harlem,Upper West Side North,Credit Card,6.5,1.96,11.76
332909,1610222217,1610223451,1,7.08,Lincoln Square East,Washington Heights North,Credit Card,22.5,6.45,32.25
882410,1611336983,1611337363,2,1.02,Upper East Side South,Lenox Hill West,Credit Card,6.0,2.06,12.36
536378,1610640314,1610640640,1,1.3,Kips Bay,Sutton Place/Turtle Bay North,Credit Card,6.0,2.05,12.35
484997,1610553033,1610553679,3,2.0,Upper East Side South,East Harlem South,Cash,9.5,0.0,12.8
1241093,1612044727,1612045276,1,1.6,West Village,Little Italy/NoLiTa,Credit Card,8.0,2.35,14.15
642830,1610880387,1610880581,1,1.44,Central Park,Central Park,Credit Card,6.0,0.93,10.23
657665,1610902119,1610902752,2,3.05,Upper East Side North,Union Sq,Cash,11.5,0.0,14.8
1132367,1611847638,1611848387,1,2.86,Midtown South,Lincoln Square West,Credit Card,11.5,2.96,17.76
217176,1610013183,1610013480,2,0.7,Upper East Side North,Upper East Side North,Cash,5.0,0.0,8.3
227260,1610024350,1610025635,1,9.0,LaGuardia Airport,Gramercy,Credit Card,27.0,7.25,43.67
528034,1610633738,1610635246,2,5.68,UN/Turtle Bay South,Steinway,Credit Card,20.5,4.26,25.56
672034,1610961244,1610961641,1,3.2,Kips Bay,Two Bridges/Seward Park,Cash,10.5,0.0,13.8
697045,1610994671,1610995414,1,2.42,Greenwich Village North,Battery Park City,Credit Card,10.5,2.76,16.56
168134,1609923133,1609923812,1,2.03,Gramercy,Upper East Side South,Credit Card,10.0,2.66,15.96
289699,1610127880,1610128827,1,0.0,Gramercy,Yorkville East,Credit Card,17.2,0.0,18.0
1138119,1611855636,1611855841,1,0.6,Yorkville West,Upper East Side North,Credit Card,4.5,1.75,10.55
1161080,1611907853,1611908413,1,2.31,Upper East Side North,Lincoln Square East,Credit Card,9.0,4.0,16.3
898711,1611387669,1611388202,1,1.4,Penn Station/Madison Sq West,Gramercy,Credit Card,8.0,2.26,13.56
565449,1610711632,1610712322,2,1.8,Midtown South,Clinton East,Credit Card,9.5,3.84,16.64
413124,1610436397,1610436874,0,0.9,Garment District,Midtown East,Cash,7.0,0.0,10.3
461783,1610528257,1610529371,1,6.08,Clinton East,Central Harlem,Credit Card,21.0,0.0,24.3
51490,1609764120,1609764582,1,1.8,Midtown South,SoHo,Credit Card,8.0,2.36,14.16
800024,1611214984,1611215391,1,1.28,Murray Hill,Midtown Center,Credit Card,6.5,1.96,11.76
1229968,1612027339,1612027814,3,1.76,Upper West Side North,Upper East Side South,Credit Card,8.0,1.0,12.3
357399,1610295619,1610297657,1,19.68,JFK Airport,Washington Heights South,Cash,52.0,0.0,58.92
980482,1611575494,1611576194,1,2.25,Morningside Heights,Upper East Side North,Credit Card,10.5,3.45,17.25
1005413,1611604040,1611606106,0,17.7,Garment District,Coney Island,Credit Card,49.5,2.0,55.8
613574,1610802253,1610803014,1,2.34,Central Harlem,Manhattan Valley,Cash,11.0,0.0,11.8
764231,1611142293,1611143924,1,4.86,Kips Bay,Brooklyn Navy Yard,Credit Card,21.0,4.86,29.16
1255190,1612103864,1612105451,1,6.88,Manhattan Valley,SoHo,Credit Card,24.5,5.56,33.36
316265,1610197703,1610198523,1,1.35,Meatpacking/West Village West,SoHo,Credit Card,9.5,2.56,15.36
891997,1611347919,1611348560,1,1.9,Lenox Hill East,Times Sq/Theatre District,Credit Card,9.5,2.65,15.95
390605,1610377035,1610377238,1,0.74,Yorkville West,Yorkville East,Credit Card,4.5,2.34,10.14
1125244,1611842052,1611842475,1,1.95,UN/Turtle Bay South,Lenox Hill West,Cash,8.0,0.0,11.3
95007,1609762795,1609763529,1,2.7,Manhattan Valley,Yorkville East,Credit Card,11.0,2.85,17.15
602043,1610756048,1610758250,1,0.0,Union Sq,Woodlawn/Wakefield,Credit Card,40.2,0.0,41.0
771901,1611152933,1611153637,1,2.69,Financial District North,Flatiron,Credit Card,11.0,2.86,17.16
595301,1610737702,1610738048,2,0.97,NV,NV,Credit Card,6.0,2.06,12.36
1185313,1611935331,1611935510,1,0.6,Midtown Center,Midtown South,Credit Card,4.5,0.0,7.8
325663,1610211256,1610211698,1,1.6,Upper East Side South,Lincoln Square East,Credit Card,8.0,3.35,14.65
131210,1609841009,1609841571,1,1.9,Gramercy,Upper East Side South,Credit Card,9.0,2.45,14.75
244048,1610039155,1610039956,1,2.7,Midtown South,Lenox Hill East,Cash,12.0,0.0,16.3
618979,1610808014,1610808586,1,1.65,Flatiron,Clinton East,Credit Card,8.5,1.18,12.98
1045211,1611685167,1611685410,1,0.96,Upper East Side South,Upper East Side North,Credit Card,5.5,1.96,11.76
1026872,1611663302,1611663930,5,0.8,Yorkville East,Lenox Hill East,Credit Card,8.0,2.26,13.56
878963,1611331810,1611332471,1,1.8,Midtown East,Yorkville West,Credit Card,9.5,5.0,18.8
1161742,1611914089,1611914806,2,1.61,Central Park,Lenox Hill East,Cash,9.5,0.0,12.8
930010,1611429454,1611429649,5,0.71,Yorkville West,Upper East Side North,Credit Card,4.5,1.0,8.8
122493,1609826447,1609826899,1,1.64,Penn Station/Madison Sq West,Midtown East,Cash,7.5,0.0,11.3
1201848,1611953355,1611954389,1,4.8,Upper West Side South,Long Island City/Queens Plaza,Credit Card,17.0,3.0,23.8
463382,1610531411,1610531725,1,1.1,Yorkville East,Lenox Hill East,Credit Card,6.0,1.86,11.16
906435,1611406253,1611406623,1,0.9,Midtown East,Midtown South,Credit Card,6.0,1.0,10.3
810577,1611228318,1611228810,1,1.65,Lincoln Square East,Upper West Side North,Cash,7.5,0.0,10.8
1086721,1611765252,1611766029,1,2.0,Upper East Side North,Midtown North,Credit Card,10.5,2.22,17.02
210581,1610002004,1610002315,1,1.0,UN/Turtle Bay South,Union Sq,Credit Card,6.0,1.5,10.8
906042,1611400166,1611400654,2,1.64,Lenox Hill West,Midtown North,Credit Card,8.0,2.26,13.56
751946,1611124554,1611124846,1,1.39,Yorkville West,Lenox Hill West,Credit Card,6.0,1.86,11.16
822604,1611238429,1611238746,1,0.8,Lincoln Square East,Upper West Side South,Credit Card,5.5,1.0,9.8
967902,1611558502,1611559164,2,4.29,Lenox Hill West,Two Bridges/Seward Park,Credit Card,15.0,2.0,20.3
328038,1610212261,1610212829,1,3.67,Upper West Side North,Clinton West,Credit Card,12.5,1.0,16.8
792402,1611174766,1611175928,1,5.54,Clinton East,Astoria,Cash,18.5,0.0,22.3
366768,1610318458,1610318786,1,1.4,East Chelsea,East Chelsea,Cash,6.5,0.0,10.3
1051920,1611695398,1611696365,2,9.91,JFK Airport,Forest Hills,Cash,28.0,0.0,29.3
68810,1609686286,1609687097,1,3.73,Midtown Center,East Harlem North,Credit Card,13.0,3.26,19.56
778283,1611155674,1611157306,1,7.6,Yorkville West,South Williamsburg,No charge,26.0,0.0,29.3
957133,1611509126,1611509658,1,2.49,Lenox Hill West,Midtown South,Credit Card,9.5,2.56,15.36
1127942,1611845836,1611847002,1,3.4,Hudson Sq,Upper East Side South,Credit Card,15.0,3.65,21.95
158693,1609874180,1609874740,1,1.75,East Harlem South,Morningside Heights,Credit Card,8.5,3.09,13.39
1142864,1611857996,1611858794,1,2.4,Clinton East,Lenox Hill East,Credit Card,11.0,3.06,18.36
1134468,1611851820,1611852481,1,2.71,East Village,Sutton Place/Turtle Bay North,Credit Card,10.5,2.0,16.8
1260964,1612110725,1612111277,1,1.6,Manhattan Valley,East Harlem South,Credit Card,8.5,0.7,11.0
1228524,1612024897,1612026282,1,4.9,Meatpacking/West Village West,Upper East Side North,Credit Card,19.0,3.7,26.0
862195,1611319661,1611320076,1,1.63,Lenox Hill East,East Harlem South,Credit Card,7.5,3.24,14.04
702253,1611010370,1611010994,1,5.4,JFK Airport,South Jamaica,Cash,16.0,0.0,17.3
854897,1611308052,1611309292,1,4.07,TriBeCa/Civic Center,Sutton Place/Turtle Bay North,Credit Card,16.0,3.86,23.16
503694,1610575381,1610575897,1,1.61,Greenwich Village North,Murray Hill,Credit Card,8.0,1.77,13.57
433529,1610460611,1610462127,1,6.6,East Harlem South,Meatpacking/West Village West,Credit Card,23.5,4.0,30.8
491784,1610558239,1610559107,2,2.5,Upper West Side North,Upper East Side South,Credit Card,12.5,3.35,20.15
662993,1610907339,1610908276,1,3.28,Upper East Side South,East Chelsea,Credit Card,13.0,3.26,19.56
284262,1610125067,1610126904,1,15.8,JFK Airport,East Williamsburg,Credit Card,43.5,10.0,55.3
754939,1611131673,1611132341,1,2.35,West Village,UN/Turtle Bay South,Credit Card,10.0,1.33,14.63
807437,1611223566,1611224579,1,3.0,Greenwich Village South,Midtown North,Credit Card,13.5,4.2,21.0
1100263,1611782409,1611782747,1,0.74,Central Park,Lenox Hill West,Credit Card,6.0,0.0,9.8
1151820,1611870152,1611870558,1,1.61,Midtown East,Union Sq,Credit Card,7.5,1.7,13.0
540377,1610643967,1610645015,1,5.26,Yorkville West,Two Bridges/Seward Park,Credit Card,18.5,5.2,28.0
883753,1611340584,1611341305,2,2.93,Midtown North,Long Island City/Hunters Point,Credit Card,11.5,3.16,18.96
116486,1609789701,1609790075,1,1.13,Midtown North,Lincoln Square West,Credit Card,6.5,1.2,12.0
92221,1609758345,1609758510,1,0.4,World Trade Center,Financial District North,Credit Card,4.0,0.32,7.62
981047,1611579202,1611579727,1,1.0,Union Sq,Kips Bay,Credit Card,7.0,2.58,12.88
796319,1611189988,1611190456,1,1.2,West Village,TriBeCa/Civic Center,Cash,7.0,0.0,10.8
513806,1610618568,1610619566,1,4.28,Lenox Hill West,Mott Haven/Port Morris,Credit Card,15.5,2.5,21.3
769715,1611148108,1611148680,1,2.99,Lenox Hill East,Kips Bay,Credit Card,11.0,2.86,17.16
678439,1610973571,1610974224,1,2.13,Gramercy,Upper East Side South,Credit Card,9.5,2.56,15.36
849854,1611302627,1611303043,1,1.0,Upper East Side North,Upper West Side North,Credit Card,8.0,1.0,12.3
379082,1610359403,1610359906,1,1.58,Greenwich Village North,Gramercy,Cash,7.5,0.0,10.8
953008,1611502175,1611502422,1,0.7,Lincoln Square West,Upper West Side South,Credit Card,5.0,2.3,11.6
881845,1611336020,1611336661,1,1.83,Yorkville West,Midtown North,Credit Card,9.0,1.5,14.8
1112146,1611831543,1611832730,1,3.4,Midtown North,Manhattan Valley,Credit Card,16.0,3.85,23.15
1053689,1611722211,1611723072,1,4.2,Manhattan Valley,UN/Turtle Bay South,Credit Card,15.0,5.6,24.4
1196760,1611946005,1611946569,1,1.59,East Harlem South,Upper West Side North,Credit Card,8.5,2.56,15.36
745762,1611083941,1611084208,1,0.96,Garment District,West Chelsea/Hudson Yards,Credit Card,5.5,1.47,11.27
131446,1609843496,1609843810,1,0.6,Upper East Side South,Lenox Hill East,Cash,5.0,0.0,8.3
1064284,1611744076,1611744790,1,2.0,East Chelsea,Gramercy,Cash,9.5,0.0,12.8
875093,1611329901,1611330569,1,1.79,Sutton Place/Turtle Bay North,Garment District,Credit Card,9.0,3.08,15.38
613450,1610803907,1610804494,1,3.06,East Chelsea,Upper West Side South,Credit Card,11.0,2.86,17.16
400793,1610385038,1610385592,1,1.98,Central Park,Upper West Side North,Credit Card,9.0,2.0,15.3
34602,1609597297,1609598813,1,9.5,LaGuardia Airport,Prospect Heights,Credit Card,29.0,5.96,35.76
206879,1609965950,1609966179,1,1.1,Upper West Side North,Manhattan Valley,Credit Card,5.5,1.85,11.15
1094904,1611775777,1611776697,1,3.4,Gramercy,Upper East Side North,Credit Card,14.0,4.55,22.85
691463,1610985753,1610985904,1,1.08,NV,NV,Credit Card,5.0,1.86,11.16
834872,1611251864,1611254172,1,18.12,JFK Airport,Fort Greene,Credit Card,52.0,8.07,61.87
477215,1610544154,1610544318,1,0.6,East Chelsea,Flatiron,Credit Card,4.0,1.8,9.1
945838,1611491568,1611492664,1,4.7,Flatiron,Bloomingdale,Credit Card,16.5,3.96,23.76
360725,1610300559,1610300976,1,2.45,World Trade Center,Flatiron,Cash,9.0,0.0,12.3
343295,1610270239,1610270577,1,0.85,Upper West Side South,Manhattan Valley,Cash,6.0,0.0,9.3
1188962,1611938953,1611939489,1,1.44,UN/Turtle Bay South,Stuy Town/Peter Cooper Village,Cash,7.5,0.0,11.8
1094491,1611773986,1611774926,2,3.8,Midtown South,Yorkville West,Credit Card,14.0,4.55,22.85
900649,1611395117,1611395714,1,2.29,East Chelsea,TriBeCa/Civic Center,Credit Card,9.5,1.28,14.08
466662,1610533898,1610534827,1,2.9,Kips Bay,Clinton East,Cash,12.5,0.0,15.8
484071,1610550125,1610552046,1,5.53,East Chelsea,Central Harlem North,Credit Card,23.5,8.04,34.84
757345,1611135590,1611136422,1,2.27,Murray Hill,Upper East Side North,Cash,11.0,0.0,14.3
859137,1611316331,1611317585,1,2.67,Sutton Place/Turtle Bay North,East Harlem South,Cash,14.0,0.0,17.3
612215,1610800583,1610801509,1,3.28,Midtown Center,SoHo,Credit Card,13.5,5.04,21.84
301444,1610144238,1610144573,2,1.1,Times Sq/Theatre District,Clinton East,Credit Card,6.0,2.45,12.25
744331,1611084435,1611084773,1,1.46,Yorkville East,Lenox Hill West,Cash,7.0,0.0,11.3
283191,1610118181,1610119671,1,4.5,Washington Heights South,Lincoln Square West,Credit Card,20.0,1.7,25.0
488211,1610556356,1610556620,2,1.0,Lenox Hill West,Upper East Side North,Credit Card,5.5,1.95,11.75
423509,1610452598,1610452612,1,0.11,Murray Hill,Murray Hill,Cash,2.5,0.0,5.8
129295,1609838277,1609838329,1,0.24,Manhattanville,Manhattanville,Credit Card,3.0,0.5,4.3
761670,1611139242,1611140127,1,2.57,Midtown South,Lenox Hill West,Credit Card,12.0,1.0,16.3
841066,1611257397,1611257713,1,1.4,Midtown South,Times Sq/Theatre District,Credit Card,6.5,0.0,10.8
1127876,1611844069,1611844435,1,1.08,East Village,Lower East Side,Credit Card,6.0,2.0,11.3
774320,1611153037,1611153576,1,1.9,Lincoln Square East,Lenox Hill West,Credit Card,8.0,1.7,13.0
1203936,1611959409,1611960287,1,3.56,Union Sq,Upper West Side North,Credit Card,13.5,3.46,20.76
401847,1610387086,1610387487,1,1.54,Upper East Side South,Midtown East,Credit Card,7.0,2.26,13.56
1081932,1611760749,1611761007,1,0.97,Union Sq,West Village,Credit Card,5.0,1.66,9.96
575387,1610719296,1610719583,2,1.07,Upper East Side South,Sutton Place/Turtle Bay North,Credit Card,5.5,2.2,11.0
511717,1610616858,1610617591,2,2.11,Meatpacking/West Village West,World Trade Center,Credit Card,10.0,3.33,16.63
357882,1610295462,1610297464,1,19.4,JFK Airport,Bay Ridge,Cash,52.0,0.0,52.8
420927,1610447089,1610447674,1,1.95,Clinton West,Union Sq,Credit Card,8.5,2.95,14.75
1230588,1612026958,1612027658,4,2.6,Upper East Side South,Manhattan Valley,Cash,10.5,0.0,13.8
1260272,1612106840,1612107561,2,3.3,West Village,Clinton East,Credit Card,12.0,0.0,15.3
481622,1610547294,1610547797,2,2.25,Kips Bay,Upper East Side South,Credit Card,9.0,1.0,13.3
499301,1610565309,1610565821,1,1.91,Murray Hill,Lenox Hill West,Credit Card,8.5,2.56,15.36
38227,1609600861,1609601187,1,0.57,Yorkville East,Upper East Side North,Cash,5.5,0.0,8.8
249733,1610049401,1610049862,1,1.94,Upper West Side South,Bloomingdale,Cash,7.5,0.0,11.8
1089111,1611767266,1611768094,2,3.76,SoHo,Clinton West,Credit Card,14.0,1.83,20.13
528543,1610634571,1610634837,1,0.72,Lenox Hill West,Upper East Side South,Credit Card,5.0,1.66,9.96
840053,1611258405,1611258702,1,1.74,Upper West Side South,Bloomingdale,Credit Card,6.5,4.0,14.8
942116,1611488653,1611489752,1,4.38,Lenox Hill West,West Village,Credit Card,16.0,1.7,21.0
876669,1611334670,1611334897,1,0.9,Upper East Side South,Midtown North,Credit Card,5.0,2.75,12.05
489906,1610553683,1610555142,1,5.4,East Harlem South,Washington Heights South,Credit Card,19.5,4.26,25.56
997393,1611594943,1611595622,1,2.21,Clinton East,Gramercy,Credit Card,10.0,2.14,16.44
1035487,1611676483,1611677123,5,1.31,Lenox Hill East,Upper East Side South,Credit Card,8.5,3.54,15.34
212589,1610004094,1610004426,1,1.2,Penn Station/Madison Sq West,Murray Hill,Cash,6.0,0.0,9.3
990395,1611585943,1611588278,1,9.2,Penn Station/Madison Sq West,Gowanus,Cash,32.5,0.0,35.8
1225910,1612021717,1612022446,1,2.0,Clinton East,Union Sq,Credit Card,10.0,2.66,15.96
927488,1611427820,1611428224,1,1.5,Lincoln Square East,Upper West Side North,Credit Card,7.5,1.62,12.42
149595,1609863347,1609863877,1,1.4,Lenox Hill East,Upper East Side South,Credit Card,8.0,2.45,14.75
80488,1609876447,1609876773,1,2.25,UN/Turtle Bay South,Lenox Hill East,Credit Card,8.0,2.36,14.16
1149544,1611865045,1611865415,1,0.83,West Village,East Chelsea,Credit Card,6.0,1.86,11.16
999497,1611594606,1611594934,6,0.86,Midtown Center,Garment District,Cash,5.5,0.0,9.8
776641,1611157925,1611158128,1,0.7,Lincoln Square West,Lincoln Square East,Credit Card,4.5,1.55,9.35
890128,1611343730,1611344506,1,2.71,Upper West Side North,East Harlem North,Credit Card,11.5,3.95,19.75
584334,1610729949,1610730196,1,0.5,Gramercy,Kips Bay,Credit Card,4.5,2.2,11.0
1076990,1611759473,1611759944,3,1.27,Lenox Hill East,Upper East Side North,Credit Card,7.0,2.58,12.88
1049895,1611691575,1611692124,1,2.96,Lenox Hill West,East Harlem South,Credit Card,10.5,1.75,16.05
16988,1609520282,1609520960,1,2.13,Manhattan Valley,Upper East Side South,Credit Card,10.0,2.14,16.44
558077,1610698077,1610698345,1,0.86,Central Harlem,East Harlem North,Credit Card,5.0,0.0,5.8
1264758,1612114989,1612115445,1,1.1,Lincoln Square East,Upper East Side South,Credit Card,7.0,1.7,12.0
527139,1610635996,1610636450,0,1.5,Murray Hill,Greenwich Village North,Cash,7.5,0.0,10.8
633066,1610825466,1610826165,1,2.93,Upper West Side South,Clinton East,Credit Card,11.0,2.86,17.16
187747,1609943589,1609943845,1,1.26,TriBeCa/Civic Center,Greenwich Village North,Credit Card,6.0,1.0,10.3
1111131,1611828029,1611828526,5,1.51,Lincoln Square East,Upper East Side North,Credit Card,8.0,1.5,12.8
533380,1610636725,1610637501,1,2.3,East Chelsea,Murray Hill,Cash,11.0,0.0,14.3
570944,1610714433,1610716934,1,8.35,Murray Hill-Queens,Pelham Bay,Credit Card,34.5,2.75,56.41
1026825,1611663219,1611663618,1,0.84,Sutton Place/Turtle Bay North,Lenox Hill West,Cash,6.0,0.0,9.3
164344,1609899434,1609899958,1,2.45,UN/Turtle Bay South,Lower East Side,Cash,9.5,0.0,13.3
244685,1610042218,1610042708,0,1.2,Murray Hill,Flatiron,Credit Card,7.5,2.0,13.8
442356,1610470216,1610470780,1,1.3,Times Sq/Theatre District,West Chelsea/Hudson Yards,Credit Card,8.0,2.45,14.75
798694,1611213773,1611214544,1,3.9,Central Harlem,Midtown Center,Credit Card,13.5,1.0,17.8
270290,1610107620,1610108685,1,2.4,West Chelsea/Hudson Yards,Greenwich Village North,Cash,13.0,0.0,16.3
775579,1611158010,1611159099,1,5.1,Upper West Side South,Stuy Town/Peter Cooper Village,Credit Card,18.0,5.3,26.6
128139,1609840355,1609841136,1,1.54,Lenox Hill West,UN/Turtle Bay South,Credit Card,10.0,2.39,15.69
829885,1611244900,1611247360,6,5.99,Lenox Hill East,Central Harlem North,Cash,26.0,0.0,30.3
770612,1611150375,1611150795,1,0.96,Union Sq,Stuy Town/Peter Cooper Village,Credit Card,6.5,1.96,11.76
625942,1610817146,1610817149,2,0.0,NV,NV,Credit Card,65.62,13.18,79.1
148212,1609860408,1609861254,1,1.4,East Village,Two Bridges/Seward Park,Cash,10.0,0.0,13.3
493688,1610558990,1610560097,1,5.5,Flatiron,Manhattan Valley,Credit Card,19.0,4.65,27.95
532243,1610637030,1610637311,1,1.04,East Village,East Village,Credit Card,5.5,1.76,10.56
692085,1610988046,1610988352,1,1.05,West Chelsea/Hudson Yards,Garment District,Credit Card,6.0,2.32,11.62
474446,1610539658,1610539905,2,0.87,Upper West Side North,Bloomingdale,Credit Card,5.0,1.66,9.96
1119417,1611837021,1611837649,1,0.92,Upper East Side North,Upper East Side South,Credit Card,8.0,2.26,13.56
455745,1610489022,1610489795,1,3.17,Manhattan Valley,Clinton West,Credit Card,12.5,0.0,16.3
130918,1609843312,1609844092,1,2.11,Lincoln Square East,Lenox Hill East,Credit Card,11.0,1.5,15.8
137924,1609851480,1609852390,2,2.38,Midtown East,Upper West Side South,Cash,11.5,0.0,14.8
48990,1609615400,1609616275,1,2.5,Clinton East,Lenox Hill East,Credit Card,11.5,3.0,17.8
1191695,1611942105,1611942658,1,1.6,UN/Turtle Bay South,Greenwich Village North,Credit Card,8.0,2.45,14.75
367234,1610316174,1610317270,2,6.84,LaGuardia Airport,Long Island City/Hunters Point,Credit Card,21.5,5.7,28.5
181788,1609940789,1609941070,1,0.7,Battery Park City,TriBeCa/Civic Center,Credit Card,5.5,1.75,10.55
644457,1610883171,1610883660,1,1.67,Union Sq,SoHo,Credit Card,8.0,2.26,13.56
983671,1611578173,1611578814,1,1.75,Central Park,Upper East Side North,Credit Card,9.5,1.0,13.8
958525,1611510349,1611510629,1,0.7,Lenox Hill West,Lenox Hill West,Credit Card,5.0,1.65,9.95
442870,1610469706,1610470047,1,0.88,Upper West Side North,Upper West Side South,Credit Card,6.0,2.06,12.36
519372,1610624083,1610625721,1,8.01,Upper East Side South,Brooklyn Heights,Cash,28.0,0.0,31.3
285044,1610124999,1610125075,1,0.42,Clinton East,Lincoln Square East,Credit Card,3.5,0.7,8.5
1157396,1611905796,1611905993,1,0.8,Midtown South,Penn Station/Madison Sq West,Cash,5.0,0.0,8.3
964187,1611527131,1611527346,1,0.7,Murray Hill,UN/Turtle Bay South,Credit Card,4.5,1.65,9.95
480738,1610547971,1610548414,1,1.2,East Village,Gramercy,Credit Card,6.5,2.9,12.7
921968,1611418884,1611418997,4,0.4,Midtown South,Midtown Center,Credit Card,3.5,0.0,7.8
452091,1610480121,1610480392,1,0.7,Manhattan Valley,Upper West Side North,Credit Card,5.5,0.5,10.3
445886,1610473168,1610473578,1,1.03,Upper West Side South,Clinton East,Credit Card,6.5,1.0,11.8
303321,1610161795,1610162052,1,1.0,Penn Station/Madison Sq West,Clinton East,Cash,5.5,0.0,9.3
1031187,1611669881,1611671898,2,7.47,Upper East Side South,Washington Heights South,Credit Card,29.0,8.08,40.38
674958,1610966549,1610967017,1,1.38,Upper East Side South,Upper East Side North,Cash,7.5,0.0,10.8
1152226,1611868235,1611868793,5,2.11,Midtown North,Yorkville East,Credit Card,9.0,2.56,15.36
996894,1611590268,1611592611,3,6.1,Upper East Side North,Mount Hope,Cash,26.5,0.0,30.8
1100026,1611782404,1611782543,0,0.7,Times Sq/Theatre District,Penn Station/Madison Sq West,Credit Card,4.0,1.55,9.35
421380,1610449123,1610449503,1,1.3,Kips Bay,East Village,Credit Card,6.5,1.96,11.76
384785,1610367485,1610368201,5,2.18,Midtown South,Lenox Hill East,Credit Card,10.0,2.66,15.96
737133,1611073581,1611073829,1,0.5,Upper East Side North,Upper East Side North,Credit Card,4.5,1.32,10.12
404693,1610389531,1610390691,1,4.95,Upper East Side North,Meatpacking/West Village West,Credit Card,17.5,3.0,24.8
558893,1610698395,1610699506,5,3.76,Lincoln Square East,Kips Bay,Cash,15.5,0.0,18.8
359867,1610298760,1610299336,1,1.39,Midtown Center,Clinton West,Credit Card,8.0,2.83,14.13
345429,1610278948,1610279325,1,1.72,Kips Bay,Midtown East,Cash,7.5,0.0,10.8
409572,1610398606,1610399026,3,1.5,Upper East Side South,Lincoln Square East,Credit Card,7.5,2.26,13.56
4407,1609486102,1609486364,1,1.0,Upper East Side North,East Harlem South,Credit Card,5.5,1.7,10.5
807182,1611224167,1611225693,1,2.7,Gramercy,Lenox Hill East,Cash,17.0,0.0,20.3
495571,1610564182,1610564483,1,0.7,Flatiron,Union Sq,Cash,5.0,0.0,9.3
699404,1610999704,1610999911,1,0.45,NV,NV,Credit Card,4.0,1.46,8.76
264836,1610099834,1610100188,1,0.92,Central Park,East Harlem South,Credit Card,6.0,1.0,7.8
185720,1609942176,1609942961,1,1.2,Upper East Side North,Upper East Side South,Credit Card,9.0,1.23,13.53
297160,1610137388,1610138443,1,4.9,Upper East Side South,Manhattanville,Credit Card,16.5,2.0,22.3
823742,1611238468,1611238760,2,0.8,Astoria,Long Island City/Queens Plaza,Cash,5.5,0.0,6.3
942420,1611488771,1611489269,3,1.8,East Chelsea,Lincoln Square East,Cash,7.5,0.0,10.8
141585,1609856309,1609858807,1,3.96,Upper East Side North,Yorkville West,Cash,24.5,0.0,27.8
640550,1610869373,1610870079,1,6.61,East Williamsburg,Jackson Heights,Credit Card,19.5,2.0,22.3
935553,1611443580,1611444862,1,6.12,Chinatown,East Williamsburg,Credit Card,21.0,6.2,31.0
295415,1610134539,1610135176,1,2.12,Garment District,West Village,Credit Card,9.5,2.76,16.56
55688,1609634082,1609634787,1,1.93,East Harlem North,Bloomingdale,Cash,10.0,0.0,11.3
370470,1610348666,1610348911,3,1.33,East Harlem South,East Harlem North,Credit Card,6.0,1.36,8.16
385612,1610369696,1610370196,1,1.27,Lincoln Square East,Upper East Side South,Credit Card,7.5,2.16,12.96
702658,1611014237,1611014755,1,2.6,East Harlem North,Upper West Side North,Cash,9.5,0.0,13.3
427194,1610455721,1610456551,2,1.8,East Harlem North,Manhattan Valley,Credit Card,10.0,1.0,11.8
171526,1609924111,1609924415,1,1.25,Long Island City/Queens Plaza,Astoria,Cash,6.0,0.0,6.8
89221,1609755392,1609756046,5,2.27,SoHo,Midtown South,Cash,10.0,0.0,13.3
353233,1610288839,1610289440,1,1.53,Yorkville West,Central Park,Credit Card,8.5,2.36,14.16
1165084,1611915220,1611915565,1,0.58,Hudson Sq,Meatpacking/West Village West,Credit Card,5.5,2.2,11.0
161927,1609883645,1609883714,1,0.5,Upper West Side North,Central Park,Cash,3.5,0.0,4.8
1267289,1612116409,1612117000,1,2.4,Union Sq,Central Park,Credit Card,10.0,2.65,15.95
455002,1610487062,1610487286,1,0.65,Greenwich Village South,Greenwich Village North,Credit Card,4.5,2.49,10.79
1174178,1611922575,1611923611,1,3.4,Lenox Hill East,Long Island City/Hunters Point,Credit Card,14.5,4.45,22.25
712608,1611048070,1611049105,1,2.37,Murray Hill,Lincoln Square East,Cash,12.5,0.0,15.8
576245,1610719300,1610720190,1,2.65,Midtown East,Hudson Sq,Credit Card,12.0,10.0,25.3
1009342,1611623425,1611624088,1,7.05,Midtown North,Washington Heights North,Credit Card,20.5,4.86,29.16
803244,1611221176,1611221763,1,1.9,Manhattan Valley,Lincoln Square East,Credit Card,9.0,1.7,14.0
2517,1609468351,1609468725,1,2.08,Upper East Side South,East Harlem North,Credit Card,8.0,2.95,14.75
196191,1609950562,1609951197,3,1.59,Central Park,Sutton Place/Turtle Bay North,Credit Card,9.0,2.66,15.96
299594,1610141733,1610142116,1,2.23,Lenox Hill West,Gramercy,Cash,8.0,0.0,11.8
1158404,1611909623,1611910068,1,1.1,Lincoln Square East,Times Sq/Theatre District,Credit Card,7.0,2.05,12.35
744162,1611079443,1611079837,6,1.52,Lower East Side,Kips Bay,Credit Card,7.0,1.0,12.3
255997,1610066994,1610067329,1,1.67,Lincoln Square East,West Chelsea/Hudson Yards,Credit Card,7.0,2.7,13.5
1041838,1611680549,1611680986,1,1.43,Midtown South,Greenwich Village North,Credit Card,7.0,2.26,13.56
440754,1610445676,1610447068,1,4.23,Upper East Side North,Greenwich Village North,Credit Card,17.5,1.0,22.8
102976,1609771772,1609771989,1,0.64,Sutton Place/Turtle Bay North,Midtown Center,Cash,4.5,0.0,7.8
138584,1609852167,1609852419,6,0.53,Upper East Side South,Midtown East,Credit Card,4.5,1.17,8.97
1113725,1611829784,1611830683,1,3.1,Gramercy,Upper East Side North,Credit Card,12.5,0.2,16.0
159105,1609875039,1609875517,1,2.67,Union Sq,Lincoln Square East,Credit Card,9.5,2.25,16.05
832902,1611251255,1611251722,1,0.9,Upper West Side South,Lincoln Square West,Credit Card,7.0,2.0,13.3
808279,1611223455,1611223793,1,1.2,Upper East Side South,Murray Hill,Credit Card,6.5,0.98,10.78
949983,1611500085,1611500356,3,0.66,Upper West Side South,Upper West Side South,Credit Card,5.0,1.66,9.96
966355,1611557975,1611558454,1,2.1,Flatiron,Midtown Center,Credit Card,8.5,2.36,14.16
113732,1609786175,1609786540,1,1.29,Upper East Side South,Murray Hill,Credit Card,6.5,0.0,10.8
473241,1610541543,1610542337,1,1.36,Lenox Hill East,Upper East Side North,Credit Card,9.0,2.46,14.76
1195458,1611945725,1611947794,2,6.19,Union Sq,Bedford,Credit Card,25.5,5.96,35.76
628753,1610821783,1610822130,1,1.3,Manhattan Valley,Upper West Side South,Credit Card,6.5,1.69,11.49
382284,1610365689,1610366094,4,1.64,Sutton Place/Turtle Bay North,Yorkville East,Credit Card,7.0,2.58,12.88
42416,1609605334,1609605469,1,0.47,Morningside Heights,Morningside Heights,Credit Card,4.0,1.2,6.0
149059,1609864661,1609865118,2,1.26,Greenwich Village South,TriBeCa/Civic Center,Cash,7.0,0.0,11.3
676917,1610967944,1610968196,1,1.28,NV,NV,Credit Card,5.5,2.2,11.0
394088,1610379576,1610380424,1,2.55,Lenox Hill East,Lincoln Square West,Credit Card,11.5,2.96,17.76
601026,1610748608,1610749159,1,2.5,Upper East Side South,Penn Station/Madison Sq West,Credit Card,9.5,3.95,17.25
518532,1610623456,1610624762,2,3.49,Garment District,Manhattan Valley,Cash,16.0,0.0,19.3
222121,1610017347,1610017862,1,1.62,Upper East Side North,Lenox Hill West,Credit Card,8.0,2.26,13.56
952084,1611503583,1611504351,1,3.13,Union Sq,Lincoln Square East,Credit Card,12.0,3.06,18.36
940874,1611483487,1611483797,1,1.01,East Harlem North,East Harlem North,Cash,5.5,0.0,6.3
392539,1610377574,1610377792,1,0.72,Flatiron,East Chelsea,Cash,5.0,0.0,8.3
217295,1610011124,1610011534,1,1.64,Murray Hill,Greenwich Village North,Cash,7.5,0.0,10.8
771074,1611148361,1611148570,1,0.53,Yorkville West,Upper East Side North,Credit Card,4.0,1.1,8.4
259320,1610094264,1610095007,1,2.13,East Chelsea,Midtown Center,Credit Card,10.5,2.76,16.56
42892,1609603937,1609604265,1,1.12,UN/Turtle Bay South,Lenox Hill East,Cash,6.0,0.0,9.3
222764,1610019273,1610019674,1,2.02,UN/Turtle Bay South,Lenox Hill East,Credit Card,8.0,2.26,13.56
677074,1610967649,1610967877,1,0.95,Midtown East,Lenox Hill West,Cash,5.0,0.0,8.3
558461,1610699443,1610699991,1,2.18,Midtown East,Greenwich Village South,Credit Card,9.0,3.69,15.99
427337,1610454029,1610454654,1,2.17,East Chelsea,Lincoln Square West,Cash,9.5,0.0,12.8
498780,1610565321,1610566133,1,3.11,Midtown South,Lincoln Square West,Cash,12.0,0.0,16.3
52599,1609624204,1609624650,1,1.3,Clinton East,Flatiron,Cash,7.0,0.0,10.8
523991,1610630875,1610632972,1,19.4,JFK Airport,South Williamsburg,Cash,52.0,0.0,52.8
540682,1610645080,1610646696,1,10.92,LaGuardia Airport,Midtown North,Cash,-32.5,0.0,-42.92
733861,1611074068,1611074969,1,3.43,Midtown North,Central Harlem,Credit Card,13.0,3.46,20.76
656270,1610895855,1610896546,1,2.5,NV,Upper East Side South,Credit Card,10.5,1.5,15.3
265863,1610100694,1610101074,1,0.6,Gramercy,Stuy Town/Peter Cooper Village,Credit Card,6.0,2.2,11.5
571269,1610715142,1610715349,5,1.37,East Harlem North,East Harlem South,Cash,5.5,0.0,6.3
213537,1610008266,1610008616,1,1.4,Upper East Side South,Midtown South,Credit Card,6.5,1.0,10.8
311976,1610195373,1610195869,1,1.2,Sunnyside,Sunnyside,Dispute,7.5,0.0,8.3
187412,1609942688,1609943850,2,4.23,Upper West Side South,Greenwich Village North,Credit Card,16.5,4.95,24.75
1236694,1612036421,1612036880,2,1.95,Clinton East,East Chelsea,Credit Card,8.0,2.26,13.56
1226076,1612020178,1612020635,1,1.26,Murray Hill,Greenwich Village North,Credit Card,7.0,2.06,12.36
1082313,1611760788,1611761519,1,1.68,Kips Bay,Garment District,Credit Card,9.5,2.56,15.36
1000277,1611594014,1611594249,3,0.51,Midtown East,Sutton Place/Turtle Bay North,Credit Card,5.0,1.86,11.16
286147,1610123892,1610124490,1,3.01,Clinton West,Manhattan Valley,Cash,11.0,0.0,15.3
351023,1610285163,1610285521,1,1.5,Midtown East,Garment District,Credit Card,6.5,1.0,10.8
1169158,1611918511,1611920352,1,8.25,East Village,Central Harlem,Credit Card,28.0,3.13,34.43
747104,1611089800,1611090413,1,1.7,Gramercy,East Chelsea,Cash,9.0,0.0,12.8
295143,1610133683,1610133750,3,0.26,East Harlem North,East Harlem North,Cash,3.0,0.0,4.8
1037508,1611674796,1611675360,4,1.12,Midtown Center,UN/Turtle Bay South,Cash,7.0,0.0,10.3
1244094,1612078636,1612079829,1,10.79,Kips Bay,Parkchester,Credit Card,31.0,0.0,34.3
72250,1609695666,1609697691,1,20.99,JFK Airport,Financial District South,Credit Card,52.0,11.06,66.36
1205933,1611969187,1611969437,1,0.71,Midtown East,Clinton East,Cash,5.0,0.0,8.8
1249224,1612093669,1612094372,1,3.5,Yorkville East,Murray Hill,Credit Card,12.5,2.0,17.8
845820,1611270207,1611272028,0,15.7,JFK Airport,Sunnyside,Credit Card,45.5,4.68,51.48
143503,1609857400,1609858363,2,2.27,Times Sq/Theatre District,Lenox Hill East,Credit Card,12.0,3.06,18.36
1047996,1611688098,1611688512,1,0.9,Midtown North,Sutton Place/Turtle Bay North,Credit Card,6.0,2.05,12.35
1083793,1611765712,1611766151,1,1.0,Bloomingdale,Upper West Side North,Credit Card,6.5,0.0,8.3
1042670,1611682802,1611683616,1,2.84,Midtown Center,Greenwich Village North,Credit Card,12.0,3.26,19.56
763258,1611141983,1611142323,1,1.2,Upper West Side North,East Harlem South,Credit Card,6.5,1.45,8.75
935985,1611443467,1611443918,1,1.34,East Village,Midtown South,Credit Card,7.5,1.0,12.3
238485,1610036475,1610036666,1,0.0,Long Island City/Hunters Point,Long Island City/Hunters Point,Cash,4.0,0.0,5.8
1118115,1611834184,1611834609,1,1.14,Gramercy,Greenwich Village South,Credit Card,6.5,1.96,11.76
832703,1611251462,1611251768,1,0.68,Upper West Side South,Lincoln Square West,Credit Card,5.5,1.47,11.27
231015,1610024998,1610025336,1,1.0,Midtown Center,Sutton Place/Turtle Bay North,Credit Card,6.0,1.86,11.16
643270,1610879563,1610879737,1,0.6,Manhattan Valley,Upper West Side North,Credit Card,4.0,1.46,8.76
954978,1611506699,1611506900,1,0.8,Lenox Hill West,Upper East Side North,Credit Card,4.5,1.0,9.8
1142741,1611859218,1611860584,1,6.43,Upper West Side North,TriBeCa/Civic Center,Credit Card,22.0,6.58,32.88
273618,1610111869,1610112057,2,0.58,Times Sq/Theatre District,Midtown Center,Cash,4.5,0.0,7.8
512172,1610617786,1610618083,1,0.86,UN/Turtle Bay South,Murray Hill,Credit Card,5.5,1.76,10.56
296715,1610133665,1610134584,1,2.86,Midtown South,Lenox Hill West,Credit Card,12.5,3.36,20.16
380100,1610364275,1610365031,0,1.6,Upper East Side South,Kips Bay,Credit Card,9.5,2.55,15.35
549445,1610653108,1610653972,1,4.59,East Harlem North,Washington Heights South,Credit Card,16.0,5.19,22.49
998415,1611596082,1611596390,1,1.3,TriBeCa/Civic Center,Meatpacking/West Village West,Credit Card,6.5,2.15,12.95
1151361,1611861818,1611863095,1,11.15,Financial District North,Central Harlem North,Credit Card,31.5,4.7,40.0
216618,1610010426,1610011465,1,2.68,Upper West Side North,Lenox Hill East,Credit Card,13.0,3.26,19.56
60300,1609671505,1609672030,1,2.16,Little Italy/NoLiTa,Kips Bay,Credit Card,9.0,2.46,14.76
69233,1609687827,1609688925,1,0.0,Central Harlem North,University Heights/Morris Heights,Credit Card,19.2,0.0,20.0
818986,1611235082,1611235519,1,0.87,Upper East Side North,Upper East Side South,Credit Card,6.5,1.96,11.76
696801,1610995195,1610995379,1,0.6,Upper West Side South,Upper West Side North,Credit Card,4.5,1.56,9.36
354024,1610292853,1610293407,1,1.89,Upper East Side North,UN/Turtle Bay South,Cash,9.0,0.0,12.3
679103,1610972253,1610973103,1,2.91,Lincoln Square West,Yorkville East,Credit Card,12.5,3.16,18.96
1267281,1612119500,1612120039,1,1.64,Yorkville West,Upper West Side North,Credit Card,8.5,3.54,15.34
324316,1610210748,1610211351,1,1.55,Upper West Side South,Upper East Side North,Credit Card,9.0,2.46,14.76
312093,1610196558,1610197188,1,3.0,Midtown East,East Harlem South,Credit Card,11.0,4.25,18.55
258022,1610090667,1610091043,1,1.99,Upper West Side North,Midtown North,Credit Card,8.0,3.39,14.69
1020164,1611655674,1611656423,1,1.6,Lenox Hill East,Midtown East,Credit Card,9.5,3.8,16.6
672224,1610963171,1610963648,1,2.1,Upper East Side North,Midtown East,Cash,8.5,0.0,11.8
1213275,1612007337,1612007393,1,0.16,Woodside,Woodside,Cash,3.0,0.0,3.8
674480,1610966236,1610966946,1,2.8,Clinton East,Meatpacking/West Village West,Credit Card,11.5,2.8,17.6
206140,1609964773,1609965243,1,1.17,Upper East Side North,Upper East Side South,Credit Card,7.5,1.0,12.3
1132077,1611848775,1611849028,1,0.8,Upper West Side South,Upper West Side North,Credit Card,5.0,1.5,9.8
753305,1611127680,1611128111,1,1.42,East Harlem South,Central Harlem,Cash,7.5,0.0,8.3
381441,1610364873,1610365634,1,1.22,Yorkville East,Lenox Hill East,Cash,9.5,0.0,12.8
989779,1611586734,1611588071,6,3.49,Upper East Side North,Central Harlem North,Cash,16.5,0.0,19.8
1054246,1611729080,1611729424,2,1.18,Penn Station/Madison Sq West,Murray Hill,Cash,6.0,0.0,9.3
618138,1610805916,1610806276,1,1.54,Hudson Sq,Flatiron,Cash,7.0,0.0,10.3
1193572,1611941525,1611941687,1,0.47,Murray Hill,Murray Hill,Credit Card,4.0,0.7,9.0
1146925,1611863305,1611863556,1,1.16,Upper West Side North,East Harlem South,Dispute,-5.5,0.0,-7.3
7525,1609502073,1609502343,1,1.08,Clinton East,Sutton Place/Turtle Bay North,Cash,5.5,0.0,8.8
907507,1611406463,1611406778,1,1.4,Sutton Place/Turtle Bay North,Kips Bay,Credit Card,6.0,0.93,10.23
831668,1611249061,1611250362,1,4.17,Hudson Sq,Upper East Side South,Cash,16.5,0.0,20.8
972647,1611568248,1611568828,1,2.28,Sutton Place/Turtle Bay North,Yorkville West,Credit Card,9.5,2.56,15.36
49353,1609617012,1609619677,1,13.9,Clinton East,Richmond Hill,Credit Card,44.5,1.0,48.8
487457,1610555353,1610555570,1,0.5,Lenox Hill West,Lenox Hill East,Credit Card,4.5,2.2,11.0
766117,1611147580,1611148191,1,1.9,Manhattan Valley,Central Park,Cash,9.0,0.0,12.3
339739,1610235056,1610235615,1,4.48,Kips Bay,Williamsburg (South Side),Cash,14.0,0.0,17.8
1099956,1611782488,1611782947,1,1.47,Manhattan Valley,Central Harlem,Credit Card,7.5,2.64,11.44
626557,1610818704,1610819740,1,3.6,SoHo,Kips Bay,Credit Card,15.0,3.65,21.95
603418,1610777104,1610777494,1,3.0,Lenox Hill West,Long Island City/Queens Plaza,Cash,10.0,0.0,13.3
527797,1610635589,1610636394,1,1.7,Upper West Side South,Midtown North,Cash,10.5,0.0,13.8
409442,1610401639,1610401916,1,0.92,Penn Station/Madison Sq West,Murray Hill,Credit Card,5.0,1.76,10.56
159556,1609874997,1609875444,1,1.46,Midtown North,Penn Station/Madison Sq West,Credit Card,7.0,2.26,13.56
938912,1611477886,1611478669,1,3.48,Midtown East,West Village,Cash,12.0,0.0,15.3
597209,1610741356,1610742152,1,2.4,Greenwich Village South,East Chelsea,Cash,11.0,0.0,14.8
343536,1610274278,1610275701,1,6.79,Lincoln Square East,Middle Village,Cash,23.0,0.0,26.3
320893,1610205234,1610205584,1,1.95,Lincoln Square East,Manhattan Valley,Credit Card,7.5,2.7,13.5
543852,1610648006,1610648531,1,1.29,Murray Hill,West Chelsea/Hudson Yards,Credit Card,7.5,1.5,13.3
318756,1610203678,1610204191,1,1.17,Murray Hill,Union Sq,Credit Card,7.5,2.16,12.96
363409,1610307127,1610307962,6,1.93,Lenox Hill East,Central Park,Cash,11.0,0.0,14.3
1125647,1611843959,1611844874,1,2.1,UN/Turtle Bay South,Greenwich Village North,Cash,11.5,0.0,14.8
825840,1611243308,1611243999,5,1.72,Greenwich Village South,West Chelsea/Hudson Yards,Credit Card,9.0,2.46,14.76
575735,1610719628,1610719882,1,0.66,Penn Station/Madison Sq West,Midtown South,Credit Card,4.5,1.56,9.36
653399,1610894700,1610896814,6,11.72,LaGuardia Airport,Crown Heights North,Credit Card,36.0,7.36,44.16
1118600,1611837291,1611838041,1,2.6,Greenwich Village North,Sutton Place/Turtle Bay North,Cash,11.0,0.0,14.3
1246466,1612088430,1612088905,1,1.24,Upper East Side North,Lenox Hill East,Cash,7.0,0.0,10.3
1006951,1611608942,1611609666,1,2.83,Penn Station/Madison Sq West,Little Italy/NoLiTa,Cash,11.5,0.0,15.3
117412,1609793174,1609793567,4,1.48,Upper West Side North,Upper West Side South,Credit Card,7.0,1.0,11.8
1182042,1611935618,1611935869,0,0.7,Union Sq,West Village,Credit Card,5.0,1.65,9.95
218490,1610017042,1610017219,1,0.4,Lincoln Square West,Upper West Side South,Cash,4.0,0.0,7.3
253508,1610056705,1610057064,1,1.8,Yorkville West,Sutton Place/Turtle Bay North,Credit Card,7.5,2.25,13.55
829207,1611248062,1611248786,2,2.6,West Chelsea/Hudson Yards,SoHo,Credit Card,11.0,1.0,16.3
52652,1609622535,1609623011,1,1.25,Upper East Side South,Midtown North,Credit Card,7.0,3.24,14.04
380575,1610365151,1610365426,1,1.0,Clinton East,Garment District,Credit Card,5.5,2.2,11.0
1171077,1611923478,1611924916,1,9.75,Upper East Side North,Fort Greene,Credit Card,30.0,1.0,34.3
850412,1611304683,1611305300,1,0.94,Yorkville East,Upper East Side North,Cash,7.5,0.0,10.8
1128825,1611845284,1611845487,1,0.37,Upper East Side North,Upper East Side North,Cash,4.0,0.0,7.3
705841,1611042570,1611043026,2,1.6,West Village,West Chelsea/Hudson Yards,Credit Card,8.0,2.8,14.1
864084,1611320105,1611320500,1,0.79,Chinatown,World Trade Center,Cash,6.0,0.0,9.3
479290,1610548033,1610548556,1,2.8,Murray Hill,Lower East Side,Cash,10.5,0.0,13.8
20462,1609531510,1609532674,1,4.8,Kips Bay,Roosevelt Island,Credit Card,16.0,4.8,24.1
238014,1610034418,1610034698,1,0.68,Times Sq/Theatre District,Lincoln Square East,Credit Card,5.0,1.66,9.96
1089631,1611767101,1611767116,1,0.0,East Village,East Village,No charge,-2.5,0.0,-6.8
743855,1611079461,1611080015,1,2.1,Upper West Side South,Central Harlem,Cash,9.0,0.0,13.3
711536,1611049291,1611049530,1,0.5,Union Sq,Midtown South,Credit Card,4.5,1.55,9.35
704684,1611039410,1611039766,1,0.9,Murray Hill,Penn Station/Madison Sq West,Credit Card,6.0,0.0,9.3
449652,1610475927,1610476568,1,2.28,Upper East Side South,Penn Station/Madison Sq West,Credit Card,10.0,2.0,16.3
1103149,1611814465,1611815161,1,3.1,Garment District,Upper East Side North,Cash,12.0,0.0,15.3
211966,1610005498,1610006313,5,4.0,Clinton East,East Harlem North,Credit Card,14.0,5.19,22.49
216117,1610010059,1610010699,2,2.42,Penn Station/Madison Sq West,Upper East Side South,Cash,10.0,0.0,13.3
1231383,1612027958,1612028384,1,1.21,Lincoln Square West,Clinton East,Cash,6.5,0.0,9.8
652372,1610894986,1610896025,1,5.2,Upper West Side North,Washington Heights South,Credit Card,18.5,6.5,28.3
224202,1610018423,1610019252,1,3.25,East Harlem South,Midtown Center,Credit Card,13.5,3.36,20.16
466817,1610533093,1610533388,1,1.09,West Chelsea/Hudson Yards,Clinton East,Credit Card,5.5,1.76,10.56
627807,1610816743,1610817405,1,2.09,Midtown Center,Greenwich Village North,Credit Card,9.5,2.56,15.36
211505,1610004639,1610004944,1,1.61,East Village,Midtown South,Credit Card,6.5,1.96,11.76
943558,1611486080,1611486310,1,0.94,Upper East Side North,Central Park,Credit Card,5.0,1.0,9.3
480110,1610546861,1610547389,1,1.8,Upper West Side South,Manhattan Valley,Credit Card,8.5,2.35,14.15
578009,1610722081,1610722587,2,1.1,East Village,Little Italy/NoLiTa,Cash,7.5,0.0,10.8
75007,1609699186,1609699536,2,2.87,Kips Bay,Two Bridges/Seward Park,Cash,10.0,0.0,13.3
832238,1611251900,1611252807,1,2.8,Midtown South,Upper West Side South,Credit Card,12.5,3.36,20.16
864623,1611320941,1611321243,1,0.8,UN/Turtle Bay South,Midtown Center,Credit Card,5.5,0.75,9.55
288720,1610126165,1610126725,1,1.3,Midtown East,Midtown South,Credit Card,7.5,0.0,11.8
750276,1611097636,1611098036,1,2.0,Lincoln Square East,UN/Turtle Bay South,Credit Card,8.0,2.35,14.15
262105,1610096410,1610096682,1,0.8,Murray Hill,Midtown Center,Cash,5.0,0.0,8.3
274717,1610110919,1610111940,1,1.7,Lincoln Square East,Lenox Hill West,Credit Card,12.0,2.7,18.0
624464,1610813786,1610814545,1,4.61,LaGuardia Airport,Queensboro Hill,Cash,15.0,0.0,15.8
185960,1609942515,1609942642,1,0.31,Midtown East,Midtown East,Credit Card,3.5,2.0,8.8
715444,1611051861,1611051986,1,0.5,Midtown Center,Midtown South,Credit Card,4.0,1.45,8.75
812871,1611230967,1611233830,2,17.76,JFK Airport,Clinton East,Credit Card,52.0,0.0,61.42
938671,1611476505,1611476511,1,0.0,Upper West Side South,Upper West Side South,Cash,2.5,0.0,5.8
600205,1610748271,1610748620,1,0.88,Manhattanville,Central Harlem,Credit Card,5.5,1.36,8.16
631915,1610827215,1610828444,6,4.53,Clinton East,Lower East Side,Credit Card,16.5,3.96,23.76
1025447,1611664153,1611664806,2,1.5,East Chelsea,Kips Bay,Credit Card,9.0,0.0,12.3
936273,1611447038,1611448618,1,16.3,JFK Airport,East Williamsburg,Credit Card,45.0,9.25,55.55
704092,1611037938,1611038211,1,0.87,Yorkville East,Upper East Side North,Cash,5.5,0.0,8.8
1119365,1611838420,1611839469,1,3.19,Upper East Side South,East Village,Cash,13.5,0.0,16.8
1231861,1612028559,1612029023,1,1.59,Yorkville West,Central Park,Credit Card,7.5,2.16,12.96
373787,1610354577,1610355129,1,1.41,Lincoln Square East,Midtown Center,Credit Card,8.0,1.2,12.5
759472,1611134589,1611135068,1,1.55,Yorkville West,NV,Credit Card,7.5,2.16,12.96
957872,1611510122,1611510412,3,1.23,Kips Bay,Sutton Place/Turtle Bay North,Credit Card,5.5,2.64,11.44
1242306,1612053775,1612054291,1,2.5,Times Sq/Theatre District,Gramercy,Credit Card,9.5,1.0,14.3
1117090,1611835089,1611835553,1,1.1,East Chelsea,Midtown Center,Credit Card,7.0,1.03,11.33
757581,1611136573,1611137038,2,1.08,Penn Station/Madison Sq West,Murray Hill,Credit Card,6.5,4.0,13.8
503710,1610574886,1610575207,1,1.57,Murray Hill,Flatiron,Credit Card,6.5,2.06,12.36
1239379,1612041628,1612041844,1,1.14,SoHo,Flatiron,Credit Card,5.5,0.55,9.85
885483,1611341184,1611341776,1,1.5,Battery Park City,SoHo,Credit Card,8.5,3.2,16.0
901295,1611393857,1611394634,1,2.68,East Village,Penn Station/Madison Sq West,Credit Card,11.5,1.0,15.8
1050874,1611694576,1611695081,1,1.49,Greenwich Village North,Little Italy/NoLiTa,Credit Card,7.5,2.26,13.56
166867,1609919952,1609920604,1,5.46,JFK Airport,Springfield Gardens South,Cash,16.0,0.0,16.8
548513,1610654618,1610654720,1,0.7,Central Park,Lincoln Square East,Credit Card,4.0,1.56,9.36
298189,1610136085,1610136797,1,3.3,Penn Station/Madison Sq West,Upper West Side South,Cash,12.5,0.0,16.3
441805,1610467385,1610468013,1,2.19,Little Italy/NoLiTa,Midtown South,Credit Card,9.5,1.38,15.18
597966,1610742766,1610743379,1,1.6,Midtown South,East Village,Credit Card,9.0,2.55,15.35
44755,1609609418,1609609796,1,1.2,Greenwich Village North,East Chelsea,Credit Card,6.5,2.9,12.7
1035376,1611676230,1611677063,2,2.19,Yorkville West,Upper West Side North,Credit Card,11.0,2.86,17.16
161978,1609883289,1609884149,2,3.0,Sutton Place/Turtle Bay North,East Chelsea,Credit Card,13.0,2.52,19.32
282936,1610119698,1610119915,1,1.24,Upper East Side North,East Harlem South,Credit Card,5.5,1.76,10.56
749198,1611094012,1611094588,1,1.89,Penn Station/Madison Sq West,Kips Bay,Credit Card,9.0,1.5,14.3
212288,1610003936,1610004956,1,7.58,JFK Airport,Kew Gardens Hills,Credit Card,22.5,4.66,27.96
673765,1610965334,1610965651,1,1.31,Midtown Center,Garment District,Credit Card,6.0,2.79,12.09
1253472,1612101144,1612101441,1,1.0,East Chelsea,Midtown South,Cash,5.5,0.0,8.8
717757,1611056808,1611057758,1,2.1,Upper West Side South,Yorkville East,Credit Card,12.0,4.55,19.85
498297,1610567154,1610568424,0,4.9,Central Park,Hamilton Heights,Credit Card,18.0,4.45,26.75
121762,1609825077,1609825948,1,6.75,JFK Airport,NA,Cash,22.5,0.0,23.8
275887,1610111549,1610111927,1,0.6,Upper East Side South,Upper East Side North,Credit Card,6.0,1.0,10.3
566158,1610708520,1610708683,1,0.56,Murray Hill,Murray Hill,Credit Card,4.5,1.0,8.8
358223,1610295648,1610295972,1,1.15,Van Cortlandt Village,Van Cortlandt Village,Cash,6.0,0.0,6.8
121232,1609809281,1609810211,1,10.71,JFK Airport,Hillcrest/Pomonok,Credit Card,29.5,6.16,36.96
823048,1611239947,1611239962,1,0.01,Central Park,Central Park,Cash,52.0,0.0,55.3
452479,1610478945,1610479125,5,1.22,Midtown East,Lenox Hill West,Credit Card,5.5,1.96,11.76
502084,1610572832,1610573043,1,0.8,West Village,TriBeCa/Civic Center,Credit Card,5.0,1.75,10.55
20083,1609527737,1609528804,1,7.91,LaGuardia Airport,East Concourse/Concourse Village,Credit Card,24.0,6.18,37.1
1207811,1611993912,1611994540,1,2.3,Clinton East,Upper East Side South,Credit Card,9.5,2.55,15.35
138610,1609854147,1609855769,1,3.9,Midtown East,East Harlem South,Credit Card,19.0,5.55,27.85
229737,1610024711,1610025001,3,0.57,Sutton Place/Turtle Bay North,Upper East Side South,Credit Card,5.0,1.66,9.96
897261,1611364537,1611364889,1,1.81,Lenox Hill East,East Harlem South,Cash,7.0,0.0,10.8
630761,1610820617,1610820800,1,0.5,Lenox Hill East,Sutton Place/Turtle Bay North,Credit Card,4.0,1.82,9.12
35459,1609597441,1609598328,1,3.5,Upper West Side North,Midtown East,Credit Card,13.5,5.0,21.8
602600,1610759741,1610760193,1,1.5,East Chelsea,Greenwich Village South,Cash,7.0,0.0,10.8
580542,1610724854,1610725083,2,0.9,Upper West Side North,Bloomingdale,Credit Card,5.0,1.65,9.95
796851,1611203138,1611203852,1,2.11,Kips Bay,West Chelsea/Hudson Yards,Cash,10.5,0.0,14.3
988569,1611586466,1611586979,4,1.33,Upper East Side North,Lenox Hill East,Credit Card,7.5,1.0,11.8
257764,1610090339,1610090485,1,0.5,Penn Station/Madison Sq West,Flatiron,Credit Card,4.0,1.46,8.76
588696,1610731917,1610732714,5,2.93,Midtown Center,Little Italy/NoLiTa,Credit Card,12.0,2.93,19.23
1207793,1611994872,1611995090,1,0.75,Sutton Place/Turtle Bay North,Midtown East,Credit Card,5.0,2.49,10.79
88366,1609753537,1609753848,1,1.9,Seaport,Downtown Brooklyn/MetroTech,Credit Card,7.5,3.24,14.04
52377,1609623240,1609624066,1,2.3,Murray Hill,UN/Turtle Bay South,Credit Card,11.5,1.53,16.83
1012854,1611649411,1611649612,1,0.6,Murray Hill,Midtown East,Credit Card,4.5,1.55,9.35
1233490,1612030982,1612031402,1,1.2,Gramercy,UN/Turtle Bay South,Credit Card,7.0,1.03,11.33
205521,1609960316,1609960771,1,2.03,Kips Bay,Lenox Hill West,Credit Card,8.0,2.46,14.76
575748,1610719902,1610720425,1,1.3,Upper West Side North,Morningside Heights,Credit Card,7.5,4.0,12.3
456717,1610492479,1610492992,1,3.05,Gramercy,Upper East Side North,Credit Card,10.0,2.76,16.56
1184448,1611933814,1611934487,1,1.41,East Harlem South,Yorkville East,Credit Card,8.5,2.36,14.16
664933,1610914749,1610915617,1,5.0,Kips Bay,East Harlem North,Credit Card,16.0,5.9,25.7
1174269,1611923291,1611924263,1,2.94,Yorkville West,Central Harlem North,Cash,13.0,0.0,16.3
891387,1611346964,1611347493,1,1.54,Upper West Side South,Manhattan Valley,Cash,6.0,0.0,9.8
817331,1611236036,1611236252,6,0.48,Penn Station/Madison Sq West,Clinton East,Cash,4.5,0.0,7.8
788729,1611166975,1611167482,2,1.26,Upper East Side South,Yorkville East,Credit Card,7.5,2.36,14.16
92997,1609759128,1609760306,1,3.1,Times Sq/Theatre District,Manhattan Valley,Cash,15.0,0.0,18.3
738542,1611079265,1611079856,1,1.69,Upper East Side South,Midtown Center,Credit Card,9.0,2.66,15.96
345207,1610279636,1610280608,1,4.41,Greenwich Village North,Upper East Side North,Credit Card,15.0,3.66,21.96
274157,1610113134,1610113451,1,0.95,Lincoln Square West,Upper West Side South,Credit Card,6.0,1.86,11.16
10358,1609509454,1609510372,1,3.2,Gramercy,Lincoln Square East,Credit Card,13.0,1.5,17.8
919806,1611417768,1611418023,1,0.57,Lenox Hill East,Yorkville West,Credit Card,5.0,1.24,9.54
980093,1611573160,1611573844,2,1.74,Yorkville West,Upper West Side South,Cash,9.5,0.0,12.8
798243,1611214377,1611215291,3,4.05,Upper East Side North,Union Sq,Credit Card,14.5,3.56,21.36
1113435,1611831294,1611831839,3,1.4,TriBeCa/Civic Center,Greenwich Village South,Credit Card,7.5,2.16,12.96
